dates,item_id,marketing_spend
2019-10-01,item_0,0.7527058170442218
2019-11-01,item_0,0.0
2019-12-01,item_0,0.6675473326567987
2020-01-01,item_0,0.5808477146978175
2020-02-01,item_0,0.0
2020-03-01,item_0,0.0
2020-04-01,item_0,0.0
2020-05-01,item_0,0.0
2020-06-01,item_0,0.0
2020-07-01,item_0,0.0
2020-08-01,item_0,0.6096449862053465
2020-09-01,item_0,0.0
2020-10-01,item_0,0.9182588242642672
2020-11-01,item_0,0.0
2020-12-01,item_0,0.8601740142023379
2021-01-01,item_0,0.0
2021-02-01,item_0,0.0
2021-03-01,item_0,0.0
2021-04-01,item_0,0.0
2021-05-01,item_0,0.0
2021-06-01,item_0,0.5257440941520799
2021-07-01,item_0,0.0
2021-08-01,item_0,0.0
2021-09-01,item_0,0.0
2021-10-01,item_0,0.0
2021-11-01,item_0,0.811636167760512
2021-12-01,item_0,0.0
2022-01-01,item_0,0.0
2022-02-01,item_0,0.0
2022-03-01,item_0,0.6431346238823517
2022-04-01,item_0,0.0
2022-05-01,item_0,0.0
2022-06-01,item_0,0.9063909732907044
2022-07-01,item_0,0.7729363542222512
2022-08-01,item_0,0.0
2022-09-01,item_0,0.5091350156350527
2022-10-01,item_0,0.5080551319963837
2022-11-01,item_0,0.0
2022-12-01,item_0,0.0
2023-01-01,item_0,0.0
2023-02-01,item_0,0.0
2023-03-01,item_0,0.0
2023-04-01,item_0,0.9675178652895052
2023-05-01,item_0,0.0
2023-06-01,item_0,0.0
2023-07-01,item_0,0.0
2023-08-01,item_0,0.0
2023-09-01,item_0,0.0
2023-10-01,item_0,0.6952928401149139
2023-11-01,item_0,0.9553277568974448
2023-12-01,item_0,0.9097326847376812
2019-10-01,item_1,0.0
2019-11-01,item_1,0.0
2019-12-01,item_1,0.800940737169163
2020-01-01,item_1,0.8731153771278648
2020-02-01,item_1,0.5132708496064262
2020-03-01,item_1,0.0
2020-04-01,item_1,0.0
2020-05-01,item_1,0.8205693253483939
2020-06-01,item_1,0.0
2020-07-01,item_1,0.7560414971351281
2020-08-01,item_1,0.835156888661047
2020-09-01,item_1,0.0
2020-10-01,item_1,0.0
2020-11-01,item_1,0.9072807369945028
2020-12-01,item_1,0.7060360524820058
2021-01-01,item_1,0.0
2021-02-01,item_1,0.0
2021-03-01,item_1,0.0
2021-04-01,item_1,0.0
2021-05-01,item_1,0.6510627314098183
2021-06-01,item_1,0.8353136494615515
2021-07-01,item_1,0.0
2021-08-01,item_1,0.6928792629589331
2021-09-01,item_1,0.0
2021-10-01,item_1,0.5998610791662318
2021-11-01,item_1,0.0
2021-12-01,item_1,0.0
2022-01-01,item_1,0.0
2022-02-01,item_1,0.0
2022-03-01,item_1,0.0
2022-04-01,item_1,0.0
2022-05-01,item_1,0.0
2022-06-01,item_1,0.909889395407124
2022-07-01,item_1,0.8028824798225972
2022-08-01,item_1,0.0
2022-09-01,item_1,0.5930718334514686
2022-10-01,item_1,0.0
2022-11-01,item_1,0.0
2022-12-01,item_1,0.0
2023-01-01,item_1,0.0
2023-02-01,item_1,0.0
2023-03-01,item_1,0.0
2023-04-01,item_1,0.0
2023-05-01,item_1,0.0
2023-06-01,item_1,0.0
2023-07-01,item_1,0.0
2023-08-01,item_1,0.0
2023-09-01,item_1,0.0
2023-10-01,item_1,0.0
2023-11-01,item_1,0.5220405458388888
2023-12-01,item_1,0.8710911836858601
2019-10-01,item_2,0.0
2019-11-01,item_2,0.0
2019-12-01,item_2,0.6794011540828329
2020-01-01,item_2,0.6186639103922231
2020-02-01,item_2,0.8629088435844522
2020-03-01,item_2,0.0
2020-04-01,item_2,0.0
2020-05-01,item_2,0.0
2020-06-01,item_2,0.934519978258966
2020-07-01,item_2,0.8489043858881542
2020-08-01,item_2,0.6996839844856816
2020-09-01,item_2,0.0
2020-10-01,item_2,0.0
2020-11-01,item_2,0.0
2020-12-01,item_2,0.0
2021-01-01,item_2,0.8185024286824174
2021-02-01,item_2,0.0
2021-03-01,item_2,0.0
2021-04-01,item_2,0.6204282627505657
2021-05-01,item_2,0.0
2021-06-01,item_2,0.0
2021-07-01,item_2,0.9662036854877606
2021-08-01,item_2,0.5482639065620616
2021-09-01,item_2,0.0
2021-10-01,item_2,0.0
2021-11-01,item_2,0.0
2021-12-01,item_2,0.8879123177559884
2022-01-01,item_2,0.0
2022-02-01,item_2,0.0
2022-03-01,item_2,0.0
2022-04-01,item_2,0.0
2022-05-01,item_2,0.6540365635860967
2022-06-01,item_2,0.0
2022-07-01,item_2,0.984167089957816
2022-08-01,item_2,0.0
2022-09-01,item_2,0.6124572153798249
2022-10-01,item_2,0.5656696246735564
2022-11-01,item_2,0.0
2022-12-01,item_2,0.0
2023-01-01,item_2,0.0
2023-02-01,item_2,0.9251077805737908
2023-03-01,item_2,0.0
2023-04-01,item_2,0.0
2023-05-01,item_2,0.0
2023-06-01,item_2,0.0
2023-07-01,item_2,0.0
2023-08-01,item_2,0.0
2023-09-01,item_2,0.0
2023-10-01,item_2,0.873445425364809
2023-11-01,item_2,0.0
2023-12-01,item_2,0.0
2019-10-01,item_3,0.0
2019-11-01,item_3,0.0
2019-12-01,item_3,0.7496981765097099
2020-01-01,item_3,0.0
2020-02-01,item_3,0.7680914553491857
2020-03-01,item_3,0.0
2020-04-01,item_3,0.6741865977616393
2020-05-01,item_3,0.5559412532280718
2020-06-01,item_3,0.5311376945901206
2020-07-01,item_3,0.963932128279587
2020-08-01,item_3,0.0
2020-09-01,item_3,0.5123406604637739
2020-10-01,item_3,0.0
2020-11-01,item_3,0.0
2020-12-01,item_3,0.954553741936696
2021-01-01,item_3,0.8551365295157854
2021-02-01,item_3,0.0
2021-03-01,item_3,0.6588482803503881
2021-04-01,item_3,0.0
2021-05-01,item_3,0.0
2021-06-01,item_3,0.0
2021-07-01,item_3,0.7405885346399879
2021-08-01,item_3,0.0
2021-09-01,item_3,0.0
2021-10-01,item_3,0.0
2021-11-01,item_3,0.7396530384013542
2021-12-01,item_3,0.0
2022-01-01,item_3,0.0
2022-02-01,item_3,0.0
2022-03-01,item_3,0.6140017263859144
2022-04-01,item_3,0.0
2022-05-01,item_3,0.0
2022-06-01,item_3,0.0
2022-07-01,item_3,0.0
2022-08-01,item_3,0.0
2022-09-01,item_3,0.0
2022-10-01,item_3,0.0
2022-11-01,item_3,0.0
2022-12-01,item_3,0.0
2023-01-01,item_3,0.6908969279174466
2023-02-01,item_3,0.0
2023-03-01,item_3,0.8656376947773976
2023-04-01,item_3,0.0
2023-05-01,item_3,0.0
2023-06-01,item_3,0.7373621015513362
2023-07-01,item_3,0.0
2023-08-01,item_3,0.0
2023-09-01,item_3,0.0
2023-10-01,item_3,0.0
2023-11-01,item_3,0.0
2023-12-01,item_3,0.7598312464395598
2019-10-01,item_4,0.6187818845723863
2019-11-01,item_4,0.0
2019-12-01,item_4,0.0
2020-01-01,item_4,0.0
2020-02-01,item_4,0.0
2020-03-01,item_4,0.0
2020-04-01,item_4,0.0
2020-05-01,item_4,0.9206585761761332
2020-06-01,item_4,0.5703455620843854
2020-07-01,item_4,0.0
2020-08-01,item_4,0.7916383992039218
2020-09-01,item_4,0.0
2020-10-01,item_4,0.0
2020-11-01,item_4,0.0
2020-12-01,item_4,0.8196911840329291
2021-01-01,item_4,0.0
2021-02-01,item_4,0.0
2021-03-01,item_4,0.0
2021-04-01,item_4,0.0
2021-05-01,item_4,0.0
2021-06-01,item_4,0.0
2021-07-01,item_4,0.9047694404606674
2021-08-01,item_4,0.0
2021-09-01,item_4,0.0
2021-10-01,item_4,0.7304849588925518
2021-11-01,item_4,0.0
2021-12-01,item_4,0.0
2022-01-01,item_4,0.0
2022-02-01,item_4,0.0
2022-03-01,item_4,0.8945216642873344
2022-04-01,item_4,0.8397824025685887
2022-05-01,item_4,0.5435688467681861
2022-06-01,item_4,0.8938162096862388
2022-07-01,item_4,0.0
2022-08-01,item_4,0.7776776975706858
2022-09-01,item_4,0.0
2022-10-01,item_4,0.7465019723180071
2022-11-01,item_4,0.0
2022-12-01,item_4,0.0
2023-01-01,item_4,0.7829080019608768
2023-02-01,item_4,0.711274123684546
2023-03-01,item_4,0.0
2023-04-01,item_4,0.0
2023-05-01,item_4,0.0
2023-06-01,item_4,0.0
2023-07-01,item_4,0.0
2023-08-01,item_4,0.57648256189087
2023-09-01,item_4,0.9380991857014136
2023-10-01,item_4,0.0
2023-11-01,item_4,0.0
2023-12-01,item_4,0.0
2019-10-01,item_5,0.0
2019-11-01,item_5,0.0
2019-12-01,item_5,0.9021582049400652
2020-01-01,item_5,0.0
2020-02-01,item_5,0.0
2020-03-01,item_5,0.0
2020-04-01,item_5,0.5839306784551807
2020-05-01,item_5,0.0
2020-06-01,item_5,0.0
2020-07-01,item_5,0.8765822474441594
2020-08-01,item_5,0.0
2020-09-01,item_5,0.0
2020-10-01,item_5,0.6217611118762514
2020-11-01,item_5,0.6797886786065388
2020-12-01,item_5,0.0
2021-01-01,item_5,0.5607210816650954
2021-02-01,item_5,0.0
2021-03-01,item_5,0.9174286550182174
2021-04-01,item_5,0.7026770194777086
2021-05-01,item_5,0.0
2021-06-01,item_5,0.0
2021-07-01,item_5,0.654503315346984
2021-08-01,item_5,0.0
2021-09-01,item_5,0.0
2021-10-01,item_5,0.893027093492156
2021-11-01,item_5,0.0
2021-12-01,item_5,0.5475645384400036
2022-01-01,item_5,0.0
2022-02-01,item_5,0.0
2022-03-01,item_5,0.0
2022-04-01,item_5,0.0
2022-05-01,item_5,0.0
2022-06-01,item_5,0.0
2022-07-01,item_5,0.0
2022-08-01,item_5,0.0
2022-09-01,item_5,0.0
2022-10-01,item_5,0.0
2022-11-01,item_5,0.0
2022-12-01,item_5,0.0
2023-01-01,item_5,0.0
2023-02-01,item_5,0.5831315789088146
2023-03-01,item_5,0.0
2023-04-01,item_5,0.7836806266074501
2023-05-01,item_5,0.0
2023-06-01,item_5,0.5011414076359233
2023-07-01,item_5,0.0
2023-08-01,item_5,0.0
2023-09-01,item_5,0.8656799678828428
2023-10-01,item_5,0.8000635008284532
2023-11-01,item_5,0.7174257227932366
2023-12-01,item_5,0.0
2019-10-01,item_6,0.0
2019-11-01,item_6,0.0
2019-12-01,item_6,0.7472392353438365
2020-01-01,item_6,0.5410255990481353
2020-02-01,item_6,0.0
2020-03-01,item_6,0.920294923257812
2020-04-01,item_6,0.9731905521261456
2020-05-01,item_6,0.9095841226561064
2020-06-01,item_6,0.0
2020-07-01,item_6,0.0
2020-08-01,item_6,0.0
2020-09-01,item_6,0.0
2020-10-01,item_6,0.0
2020-11-01,item_6,0.0
2020-12-01,item_6,0.0
2021-01-01,item_6,0.0
2021-02-01,item_6,0.5516254241770712
2021-03-01,item_6,0.0
2021-04-01,item_6,0.8895528671830817
2021-05-01,item_6,0.0
2021-06-01,item_6,0.0
2021-07-01,item_6,0.8103179390657593
2021-08-01,item_6,0.0
2021-09-01,item_6,0.0
2021-10-01,item_6,0.0
2021-11-01,item_6,0.7617600407810126
2021-12-01,item_6,0.6147440303709173
2022-01-01,item_6,0.0
2022-02-01,item_6,0.0
2022-03-01,item_6,0.5004820709155443
2022-04-01,item_6,0.0
2022-05-01,item_6,0.0
2022-06-01,item_6,0.6205399770833147
2022-07-01,item_6,0.5000929527855467
2022-08-01,item_6,0.0
2022-09-01,item_6,0.0
2022-10-01,item_6,0.5403856039904986
2022-11-01,item_6,0.0
2022-12-01,item_6,0.0
2023-01-01,item_6,0.0
2023-02-01,item_6,0.0
2023-03-01,item_6,0.5709030553684167
2023-04-01,item_6,0.9768404753711636
2023-05-01,item_6,0.0
2023-06-01,item_6,0.0
2023-07-01,item_6,0.0
2023-08-01,item_6,0.0
2023-09-01,item_6,0.7338633248849189
2023-10-01,item_6,0.0
2023-11-01,item_6,0.0
2023-12-01,item_6,0.0
2019-10-01,item_7,0.0
2019-11-01,item_7,0.0
2019-12-01,item_7,0.0
2020-01-01,item_7,0.6937983433747028
2020-02-01,item_7,0.0
2020-03-01,item_7,0.9171191236011866
2020-04-01,item_7,0.0
2020-05-01,item_7,0.0
2020-06-01,item_7,0.0
2020-07-01,item_7,0.0
2020-08-01,item_7,0.0
2020-09-01,item_7,0.763846092234588
2020-10-01,item_7,0.0
2020-11-01,item_7,0.6270072167728952
2020-12-01,item_7,0.0
2021-01-01,item_7,0.9683770752296954
2021-02-01,item_7,0.0
2021-03-01,item_7,0.0
2021-04-01,item_7,0.0
2021-05-01,item_7,0.0
2021-06-01,item_7,0.0
2021-07-01,item_7,0.0
2021-08-01,item_7,0.0
2021-09-01,item_7,0.831572139688562
2021-10-01,item_7,0.0
2021-11-01,item_7,0.0
2021-12-01,item_7,0.9664325807578212
2022-01-01,item_7,0.0
2022-02-01,item_7,0.6033966751054454
2022-03-01,item_7,0.0
2022-04-01,item_7,0.0
2022-05-01,item_7,0.0
2022-06-01,item_7,0.0
2022-07-01,item_7,0.0
2022-08-01,item_7,0.513313833571845
2022-09-01,item_7,0.6515549952431536
2022-10-01,item_7,0.0
2022-11-01,item_7,0.0
2022-12-01,item_7,0.8573162133704816
2023-01-01,item_7,0.8823040634086678
2023-02-01,item_7,0.0
2023-03-01,item_7,0.6869522586613683
2023-04-01,item_7,0.0
2023-05-01,item_7,0.6425634188045399
2023-06-01,item_7,0.0
2023-07-01,item_7,0.7788177667295133
2023-08-01,item_7,0.7821572086011919
2023-09-01,item_7,0.0
2023-10-01,item_7,0.0
2023-11-01,item_7,0.0
2023-12-01,item_7,0.6233322025054668
2019-10-01,item_8,0.7604384603584546
2019-11-01,item_8,0.0
2019-12-01,item_8,0.0
2020-01-01,item_8,0.0
2020-02-01,item_8,0.8124707569521725
2020-03-01,item_8,0.0
2020-04-01,item_8,0.0
2020-05-01,item_8,0.7358729802532683
2020-06-01,item_8,0.8939159213904196
2020-07-01,item_8,0.5850642168985636
2020-08-01,item_8,0.0
2020-09-01,item_8,0.5421157924959237
2020-10-01,item_8,0.0
2020-11-01,item_8,0.0
2020-12-01,item_8,0.0
2021-01-01,item_8,0.9462125887534742
2021-02-01,item_8,0.0
2021-03-01,item_8,0.0
2021-04-01,item_8,0.0
2021-05-01,item_8,0.0
2021-06-01,item_8,0.9066792955732972
2021-07-01,item_8,0.9654115235168012
2021-08-01,item_8,0.0
2021-09-01,item_8,0.0
2021-10-01,item_8,0.8024668460498156
2021-11-01,item_8,0.0
2021-12-01,item_8,0.0
2022-01-01,item_8,0.0
2022-02-01,item_8,0.0
2022-03-01,item_8,0.0
2022-04-01,item_8,0.0
2022-05-01,item_8,0.0
2022-06-01,item_8,0.6912707905618668
2022-07-01,item_8,0.8559054577004623
2022-08-01,item_8,0.0
2022-09-01,item_8,0.0
2022-10-01,item_8,0.0
2022-11-01,item_8,0.0
2022-12-01,item_8,0.8522675214962316
2023-01-01,item_8,0.0
2023-02-01,item_8,0.0
2023-03-01,item_8,0.0
2023-04-01,item_8,0.0
2023-05-01,item_8,0.8353537370362485
2023-06-01,item_8,0.0
2023-07-01,item_8,0.5726712313204486
2023-08-01,item_8,0.0
2023-09-01,item_8,0.9975054271281772
2023-10-01,item_8,0.6482302277400207
2023-11-01,item_8,0.0
2023-12-01,item_8,0.0
2019-10-01,item_9,0.0
2019-11-01,item_9,0.0
2019-12-01,item_9,0.781167560657732
2020-01-01,item_9,0.0
2020-02-01,item_9,0.0
2020-03-01,item_9,0.0
2020-04-01,item_9,0.0
2020-05-01,item_9,0.5379159907118514
2020-06-01,item_9,0.0
2020-07-01,item_9,0.0
2020-08-01,item_9,0.0
2020-09-01,item_9,0.0
2020-10-01,item_9,0.0
2020-11-01,item_9,0.0
2020-12-01,item_9,0.7704390096132693
2021-01-01,item_9,0.0
2021-02-01,item_9,0.587617889990157
2021-03-01,item_9,0.9440049882968392
2021-04-01,item_9,0.8455549160268065
2021-05-01,item_9,0.0
2021-06-01,item_9,0.6255256107349607
2021-07-01,item_9,0.0
2021-08-01,item_9,0.9009135457375804
2021-09-01,item_9,0.0
2021-10-01,item_9,0.0
2021-11-01,item_9,0.0
2021-12-01,item_9,0.792901703087334
2022-01-01,item_9,0.0
2022-02-01,item_9,0.6254626909702051
2022-03-01,item_9,0.0
2022-04-01,item_9,0.0
2022-05-01,item_9,0.0
2022-06-01,item_9,0.6761817038495658
2022-07-01,item_9,0.9592162922490636
2022-08-01,item_9,0.0
2022-09-01,item_9,0.0
2022-10-01,item_9,0.0
2022-11-01,item_9,0.525035921208178
2022-12-01,item_9,0.0
2023-01-01,item_9,0.6754952271724051
2023-02-01,item_9,0.0
2023-03-01,item_9,0.0
2023-04-01,item_9,0.0
2023-05-01,item_9,0.0
2023-06-01,item_9,0.7640689439836793
2023-07-01,item_9,0.0
2023-08-01,item_9,0.8363495796599208
2023-09-01,item_9,0.0
2023-10-01,item_9,0.0
2023-11-01,item_9,0.9889072908614734
2023-12-01,item_9,0.0
2019-10-01,item_10,0.0
2019-11-01,item_10,0.0
2019-12-01,item_10,0.0
2020-01-01,item_10,0.8830573247346567
2020-02-01,item_10,0.0
2020-03-01,item_10,0.0
2020-04-01,item_10,0.6405190818632334
2020-05-01,item_10,0.0
2020-06-01,item_10,0.0
2020-07-01,item_10,0.0
2020-08-01,item_10,0.0
2020-09-01,item_10,0.5100058735231172
2020-10-01,item_10,0.8951906833107055
2020-11-01,item_10,0.0
2020-12-01,item_10,0.9704593168625036
2021-01-01,item_10,0.0
2021-02-01,item_10,0.0
2021-03-01,item_10,0.0
2021-04-01,item_10,0.6525551936968349
2021-05-01,item_10,0.0
2021-06-01,item_10,0.5946596112283192
2021-07-01,item_10,0.6132690165837755
2021-08-01,item_10,0.7579542718187402
2021-09-01,item_10,0.0
2021-10-01,item_10,0.0
2021-11-01,item_10,0.0
2021-12-01,item_10,0.5809129228450662
2022-01-01,item_10,0.0
2022-02-01,item_10,0.0
2022-03-01,item_10,0.6685832833373122
2022-04-01,item_10,0.0
2022-05-01,item_10,0.740761524424129
2022-06-01,item_10,0.5662478903552641
2022-07-01,item_10,0.7720765170902453
2022-08-01,item_10,0.0
2022-09-01,item_10,0.0
2022-10-01,item_10,0.0
2022-11-01,item_10,0.0
2022-12-01,item_10,0.0
2023-01-01,item_10,0.6878369610260167
2023-02-01,item_10,0.0
2023-03-01,item_10,0.0
2023-04-01,item_10,0.0
2023-05-01,item_10,0.0
2023-06-01,item_10,0.0
2023-07-01,item_10,0.0
2023-08-01,item_10,0.0
2023-09-01,item_10,0.0
2023-10-01,item_10,0.5706479906824127
2023-11-01,item_10,0.0
2023-12-01,item_10,0.9863092556299426
2019-10-01,item_11,0.7903970849794932
2019-11-01,item_11,0.909473687405964
2019-12-01,item_11,0.0
2020-01-01,item_11,0.0
2020-02-01,item_11,0.0
2020-03-01,item_11,0.6076461954858143
2020-04-01,item_11,0.0
2020-05-01,item_11,0.0
2020-06-01,item_11,0.969862974627318
2020-07-01,item_11,0.0
2020-08-01,item_11,0.0
2020-09-01,item_11,0.7524863725281137
2020-10-01,item_11,0.0
2020-11-01,item_11,0.0
2020-12-01,item_11,0.0
2021-01-01,item_11,0.0
2021-02-01,item_11,0.7594408879184753
2021-03-01,item_11,0.0
2021-04-01,item_11,0.0
2021-05-01,item_11,0.0
2021-06-01,item_11,0.0
2021-07-01,item_11,0.6915143133621356
2021-08-01,item_11,0.0
2021-09-01,item_11,0.5982258891042508
2021-10-01,item_11,0.0
2021-11-01,item_11,0.7515463767287067
2021-12-01,item_11,0.0
2022-01-01,item_11,0.6935915592584401
2022-02-01,item_11,0.0
2022-03-01,item_11,0.0
2022-04-01,item_11,0.0
2022-05-01,item_11,0.0
2022-06-01,item_11,0.7594072331270294
2022-07-01,item_11,0.9205850856193682
2022-08-01,item_11,0.9624266127268136
2022-09-01,item_11,0.0
2022-10-01,item_11,0.5649406134531063
2022-11-01,item_11,0.0
2022-12-01,item_11,0.881693205620047
2023-01-01,item_11,0.6162335980986653
2023-02-01,item_11,0.0
2023-03-01,item_11,0.0
2023-04-01,item_11,0.6335478679949038
2023-05-01,item_11,0.0
2023-06-01,item_11,0.0
2023-07-01,item_11,0.0
2023-08-01,item_11,0.0
2023-09-01,item_11,0.0
2023-10-01,item_11,0.0
2023-11-01,item_11,0.0
2023-12-01,item_11,0.0
2019-10-01,item_12,0.6869793997877802
2019-11-01,item_12,0.0
2019-12-01,item_12,0.0
2020-01-01,item_12,0.0
2020-02-01,item_12,0.0
2020-03-01,item_12,0.9100123836634376
2020-04-01,item_12,0.6598506726316216
2020-05-01,item_12,0.0
2020-06-01,item_12,0.6786713577745944
2020-07-01,item_12,0.0
2020-08-01,item_12,0.0
2020-09-01,item_12,0.0
2020-10-01,item_12,0.6017994765080452
2020-11-01,item_12,0.0
2020-12-01,item_12,0.0
2021-01-01,item_12,0.0
2021-02-01,item_12,0.0
2021-03-01,item_12,0.7748274044173553
2021-04-01,item_12,0.0
2021-05-01,item_12,0.8251043418408215
2021-06-01,item_12,0.9854049265776323
2021-07-01,item_12,0.0
2021-08-01,item_12,0.7308401985474302
2021-09-01,item_12,0.0
2021-10-01,item_12,0.0
2021-11-01,item_12,0.0
2021-12-01,item_12,0.0
2022-01-01,item_12,0.0
2022-02-01,item_12,0.7867338600937772
2022-03-01,item_12,0.996310990954085
2022-04-01,item_12,0.7566443794011372
2022-05-01,item_12,0.0
2022-06-01,item_12,0.0
2022-07-01,item_12,0.0
2022-08-01,item_12,0.0
2022-09-01,item_12,0.8598609783019048
2022-10-01,item_12,0.0
2022-11-01,item_12,0.0
2022-12-01,item_12,0.6041001088105309
2023-01-01,item_12,0.7682443627839812
2023-02-01,item_12,0.0
2023-03-01,item_12,0.895897362672192
2023-04-01,item_12,0.0
2023-05-01,item_12,0.7740466408812148
2023-06-01,item_12,0.0
2023-07-01,item_12,0.0
2023-08-01,item_12,0.0
2023-09-01,item_12,0.0
2023-10-01,item_12,0.0
2023-11-01,item_12,0.0
2023-12-01,item_12,0.0
2019-10-01,item_13,0.0
2019-11-01,item_13,0.0
2019-12-01,item_13,0.0
2020-01-01,item_13,0.0
2020-02-01,item_13,0.0
2020-03-01,item_13,0.0
2020-04-01,item_13,0.7197794021594486
2020-05-01,item_13,0.0
2020-06-01,item_13,0.0
2020-07-01,item_13,0.0
2020-08-01,item_13,0.5900103648999369
2020-09-01,item_13,0.0
2020-10-01,item_13,0.5290811916896776
2020-11-01,item_13,0.0
2020-12-01,item_13,0.0
2021-01-01,item_13,0.9595364369986994
2021-02-01,item_13,0.0
2021-03-01,item_13,0.8712993515914947
2021-04-01,item_13,0.526155662072036
2021-05-01,item_13,0.0
2021-06-01,item_13,0.0
2021-07-01,item_13,0.6307358444955313
2021-08-01,item_13,0.6429295732489337
2021-09-01,item_13,0.0
2021-10-01,item_13,0.0
2021-11-01,item_13,0.5345383808518618
2021-12-01,item_13,0.0
2022-01-01,item_13,0.7044141418201321
2022-02-01,item_13,0.7048950700818433
2022-03-01,item_13,0.721149817743078
2022-04-01,item_13,0.985021080659046
2022-05-01,item_13,0.0
2022-06-01,item_13,0.0
2022-07-01,item_13,0.6957780001301983
2022-08-01,item_13,0.0
2022-09-01,item_13,0.8752948549190347
2022-10-01,item_13,0.9362973185877068
2022-11-01,item_13,0.0
2022-12-01,item_13,0.8867498521977077
2023-01-01,item_13,0.0
2023-02-01,item_13,0.0
2023-03-01,item_13,0.0
2023-04-01,item_13,0.0
2023-05-01,item_13,0.0
2023-06-01,item_13,0.0
2023-07-01,item_13,0.0
2023-08-01,item_13,0.0
2023-09-01,item_13,0.0
2023-10-01,item_13,0.0
2023-11-01,item_13,0.0
2023-12-01,item_13,0.0
2019-10-01,item_14,0.0
2019-11-01,item_14,0.0
2019-12-01,item_14,0.0
2020-01-01,item_14,0.0
2020-02-01,item_14,0.5633220720179246
2020-03-01,item_14,0.0
2020-04-01,item_14,0.0
2020-05-01,item_14,0.9710953417484682
2020-06-01,item_14,0.8155762473435016
2020-07-01,item_14,0.0
2020-08-01,item_14,0.0
2020-09-01,item_14,0.0
2020-10-01,item_14,0.5939354586817147
2020-11-01,item_14,0.0
2020-12-01,item_14,0.0
2021-01-01,item_14,0.8575258782586099
2021-02-01,item_14,0.8848721710205799
2021-03-01,item_14,0.8585316343974739
2021-04-01,item_14,0.0
2021-05-01,item_14,0.0
2021-06-01,item_14,0.0
2021-07-01,item_14,0.0
2021-08-01,item_14,0.0
2021-09-01,item_14,0.5707589402069524
2021-10-01,item_14,0.0
2021-11-01,item_14,0.0
2021-12-01,item_14,0.0
2022-01-01,item_14,0.5356034591696035
2022-02-01,item_14,0.7668944290172717
2022-03-01,item_14,0.521043873028264
2022-04-01,item_14,0.0
2022-05-01,item_14,0.0
2022-06-01,item_14,0.0
2022-07-01,item_14,0.7060144758684392
2022-08-01,item_14,0.0
2022-09-01,item_14,0.6172112195346761
2022-10-01,item_14,0.0
2022-11-01,item_14,0.7257100337471063
2022-12-01,item_14,0.0
2023-01-01,item_14,0.8557716276492553
2023-02-01,item_14,0.0
2023-03-01,item_14,0.0
2023-04-01,item_14,0.0
2023-05-01,item_14,0.0
2023-06-01,item_14,0.8483316820716031
2023-07-01,item_14,0.0
2023-08-01,item_14,0.0
2023-09-01,item_14,0.0
2023-10-01,item_14,0.0
2023-11-01,item_14,0.8383379986989541
2023-12-01,item_14,0.0
2019-10-01,item_15,0.5288547751362644
2019-11-01,item_15,0.0
2019-12-01,item_15,0.0
2020-01-01,item_15,0.0
2020-02-01,item_15,0.6146413710871286
2020-03-01,item_15,0.9314795482991368
2020-04-01,item_15,0.8940576633467952
2020-05-01,item_15,0.5482735736200743
2020-06-01,item_15,0.0
2020-07-01,item_15,0.0
2020-08-01,item_15,0.7835754703033835
2020-09-01,item_15,0.8406745131014579
2020-10-01,item_15,0.0
2020-11-01,item_15,0.5940590878956431
2020-12-01,item_15,0.5854947069815926
2021-01-01,item_15,0.0
2021-02-01,item_15,0.0
2021-03-01,item_15,0.0
2021-04-01,item_15,0.0
2021-05-01,item_15,0.0
2021-06-01,item_15,0.895333216269526
2021-07-01,item_15,0.0
2021-08-01,item_15,0.0
2021-09-01,item_15,0.0
2021-10-01,item_15,0.0
2021-11-01,item_15,0.0
2021-12-01,item_15,0.5010097006607639
2022-01-01,item_15,0.6224968655008487
2022-02-01,item_15,0.0
2022-03-01,item_15,0.0
2022-04-01,item_15,0.0
2022-05-01,item_15,0.0
2022-06-01,item_15,0.0
2022-07-01,item_15,0.889641027175984
2022-08-01,item_15,0.0
2022-09-01,item_15,0.0
2022-10-01,item_15,0.0
2022-11-01,item_15,0.0
2022-12-01,item_15,0.0
2023-01-01,item_15,0.0
2023-02-01,item_15,0.0
2023-03-01,item_15,0.0
2023-04-01,item_15,0.7925752447493344
2023-05-01,item_15,0.0
2023-06-01,item_15,0.8106644210969598
2023-07-01,item_15,0.0
2023-08-01,item_15,0.7358734174207014
2023-09-01,item_15,0.0
2023-10-01,item_15,0.0
2023-11-01,item_15,0.9798314644431632
2023-12-01,item_15,0.0
2019-10-01,item_16,0.0
2019-11-01,item_16,0.851553242969254
2019-12-01,item_16,0.0
2020-01-01,item_16,0.0
2020-02-01,item_16,0.0
2020-03-01,item_16,0.7745936806845602
2020-04-01,item_16,0.0
2020-05-01,item_16,0.7103964949640704
2020-06-01,item_16,0.0
2020-07-01,item_16,0.8183793464064892
2020-08-01,item_16,0.0
2020-09-01,item_16,0.5708399635487916
2020-10-01,item_16,0.560206987860548
2020-11-01,item_16,0.9794502238054732
2020-12-01,item_16,0.0
2021-01-01,item_16,0.779093982122715
2021-02-01,item_16,0.8173122806435973
2021-03-01,item_16,0.0
2021-04-01,item_16,0.0
2021-05-01,item_16,0.0
2021-06-01,item_16,0.0
2021-07-01,item_16,0.0
2021-08-01,item_16,0.844649925122176
2021-09-01,item_16,0.8651732127144609
2021-10-01,item_16,0.0
2021-11-01,item_16,0.0
2021-12-01,item_16,0.0
2022-01-01,item_16,0.0
2022-02-01,item_16,0.0
2022-03-01,item_16,0.7555785711092
2022-04-01,item_16,0.9935888382900452
2022-05-01,item_16,0.5998366848436197
2022-06-01,item_16,0.0
2022-07-01,item_16,0.0
2022-08-01,item_16,0.6058169339260089
2022-09-01,item_16,0.0
2022-10-01,item_16,0.0
2022-11-01,item_16,0.0
2022-12-01,item_16,0.0
2023-01-01,item_16,0.0
2023-02-01,item_16,0.0
2023-03-01,item_16,0.0
2023-04-01,item_16,0.0
2023-05-01,item_16,0.0
2023-06-01,item_16,0.0
2023-07-01,item_16,0.607409638616698
2023-08-01,item_16,0.0
2023-09-01,item_16,0.7967048983126015
2023-10-01,item_16,0.0
2023-11-01,item_16,0.0
2023-12-01,item_16,0.0
2019-10-01,item_17,0.0
2019-11-01,item_17,0.0
2019-12-01,item_17,0.9372280787473576
2020-01-01,item_17,0.0
2020-02-01,item_17,0.0
2020-03-01,item_17,0.0
2020-04-01,item_17,0.0
2020-05-01,item_17,0.5479711972986564
2020-06-01,item_17,0.0
2020-07-01,item_17,0.0
2020-08-01,item_17,0.9368548857606476
2020-09-01,item_17,0.9072372915566348
2020-10-01,item_17,0.7534922528153591
2020-11-01,item_17,0.0
2020-12-01,item_17,0.0
2021-01-01,item_17,0.0
2021-02-01,item_17,0.0
2021-03-01,item_17,0.0
2021-04-01,item_17,0.0
2021-05-01,item_17,0.6301103161841444
2021-06-01,item_17,0.9848965762426248
2021-07-01,item_17,0.0
2021-08-01,item_17,0.0
2021-09-01,item_17,0.5543583208595317
2021-10-01,item_17,0.0
2021-11-01,item_17,0.0
2021-12-01,item_17,0.8470213843820169
2022-01-01,item_17,0.903497876626672
2022-02-01,item_17,0.0
2022-03-01,item_17,0.0
2022-04-01,item_17,0.0
2022-05-01,item_17,0.7871652807697687
2022-06-01,item_17,0.0
2022-07-01,item_17,0.9655230133518417
2022-08-01,item_17,0.0
2022-09-01,item_17,0.0
2022-10-01,item_17,0.767566475602588
2022-11-01,item_17,0.0
2022-12-01,item_17,0.0
2023-01-01,item_17,0.0
2023-02-01,item_17,0.0
2023-03-01,item_17,0.5733140137952695
2023-04-01,item_17,0.0
2023-05-01,item_17,0.5075200293235875
2023-06-01,item_17,0.6409431102162342
2023-07-01,item_17,0.0
2023-08-01,item_17,0.0
2023-09-01,item_17,0.8853742179816125
2023-10-01,item_17,0.0
2023-11-01,item_17,0.0
2023-12-01,item_17,0.0
2019-10-01,item_18,0.0
2019-11-01,item_18,0.7427628697788257
2019-12-01,item_18,0.0
2020-01-01,item_18,0.0
2020-02-01,item_18,0.573527489865761
2020-03-01,item_18,0.0
2020-04-01,item_18,0.0
2020-05-01,item_18,0.8674607328103586
2020-06-01,item_18,0.0
2020-07-01,item_18,0.9347652873377892
2020-08-01,item_18,0.0
2020-09-01,item_18,0.7647170857876986
2020-10-01,item_18,0.0
2020-11-01,item_18,0.6094152547301345
2020-12-01,item_18,0.6969580626622247
2021-01-01,item_18,0.617666305560283
2021-02-01,item_18,0.0
2021-03-01,item_18,0.0
2021-04-01,item_18,0.0
2021-05-01,item_18,0.0
2021-06-01,item_18,0.5288546451336831
2021-07-01,item_18,0.7032692175188738
2021-08-01,item_18,0.5473350401351917
2021-09-01,item_18,0.0
2021-10-01,item_18,0.0
2021-11-01,item_18,0.0
2021-12-01,item_18,0.0
2022-01-01,item_18,0.0
2022-02-01,item_18,0.0
2022-03-01,item_18,0.0
2022-04-01,item_18,0.0
2022-05-01,item_18,0.0
2022-06-01,item_18,0.0
2022-07-01,item_18,0.0
2022-08-01,item_18,0.0
2022-09-01,item_18,0.6333347146792261
2022-10-01,item_18,0.9760793718214322
2022-11-01,item_18,0.0
2022-12-01,item_18,0.0
2023-01-01,item_18,0.0
2023-02-01,item_18,0.0
2023-03-01,item_18,0.7399633009180404
2023-04-01,item_18,0.0
2023-05-01,item_18,0.8618457916210178
2023-06-01,item_18,0.6175764351488271
2023-07-01,item_18,0.0
2023-08-01,item_18,0.0
2023-09-01,item_18,0.0
2023-10-01,item_18,0.0
2023-11-01,item_18,0.0
2023-12-01,item_18,0.6639164469996153
2019-10-01,item_19,0.0
2019-11-01,item_19,0.0
2019-12-01,item_19,0.6411835179261667
2020-01-01,item_19,0.0
2020-02-01,item_19,0.0
2020-03-01,item_19,0.7608428761016632
2020-04-01,item_19,0.0
2020-05-01,item_19,0.0
2020-06-01,item_19,0.0
2020-07-01,item_19,0.7791552402204185
2020-08-01,item_19,0.0
2020-09-01,item_19,0.868705536026819
2020-10-01,item_19,0.6744622469327546
2020-11-01,item_19,0.7413000501261304
2020-12-01,item_19,0.0
2021-01-01,item_19,0.0
2021-02-01,item_19,0.0
2021-03-01,item_19,0.6472822241625033
2021-04-01,item_19,0.0
2021-05-01,item_19,0.0
2021-06-01,item_19,0.0
2021-07-01,item_19,0.0
2021-08-01,item_19,0.0
2021-09-01,item_19,0.0
2021-10-01,item_19,0.0
2021-11-01,item_19,0.0
2021-12-01,item_19,0.0
2022-01-01,item_19,0.0
2022-02-01,item_19,0.0
2022-03-01,item_19,0.5619764807548361
2022-04-01,item_19,0.6243037425038924
2022-05-01,item_19,0.0
2022-06-01,item_19,0.0
2022-07-01,item_19,0.0
2022-08-01,item_19,0.7336503095578027
2022-09-01,item_19,0.8798337572922308
2022-10-01,item_19,0.0
2022-11-01,item_19,0.7214573535367664
2022-12-01,item_19,0.6132626061380979
2023-01-01,item_19,0.0
2023-02-01,item_19,0.8926395376477296
2023-03-01,item_19,0.6899086301872697
2023-04-01,item_19,0.0
2023-05-01,item_19,0.0
2023-06-01,item_19,0.5238532300588836
2023-07-01,item_19,0.0
2023-08-01,item_19,0.0
2023-09-01,item_19,0.0
2023-10-01,item_19,0.0
2023-11-01,item_19,0.0
2023-12-01,item_19,0.7198234776205392
2019-10-01,item_20,0.0
2019-11-01,item_20,0.0
2019-12-01,item_20,0.5456214756231126
2020-01-01,item_20,0.0
2020-02-01,item_20,0.8585334988356863
2020-03-01,item_20,0.8316758348364863
2020-04-01,item_20,0.0
2020-05-01,item_20,0.0
2020-06-01,item_20,0.5329501402743222
2020-07-01,item_20,0.0
2020-08-01,item_20,0.0
2020-09-01,item_20,0.0
2020-10-01,item_20,0.9393552105200638
2020-11-01,item_20,0.5156239698048986
2020-12-01,item_20,0.7865263121769825
2021-01-01,item_20,0.0
2021-02-01,item_20,0.0
2021-03-01,item_20,0.0
2021-04-01,item_20,0.8372234134252081
2021-05-01,item_20,0.0
2021-06-01,item_20,0.6326707360498058
2021-07-01,item_20,0.0
2021-08-01,item_20,0.0
2021-09-01,item_20,0.0
2021-10-01,item_20,0.0
2021-11-01,item_20,0.8296696924129702
2021-12-01,item_20,0.0
2022-01-01,item_20,0.0
2022-02-01,item_20,0.0
2022-03-01,item_20,0.5717122395701578
2022-04-01,item_20,0.0
2022-05-01,item_20,0.0
2022-06-01,item_20,0.5674884925905799
2022-07-01,item_20,0.0
2022-08-01,item_20,0.0
2022-09-01,item_20,0.0
2022-10-01,item_20,0.0
2022-11-01,item_20,0.0
2022-12-01,item_20,0.0
2023-01-01,item_20,0.0
2023-02-01,item_20,0.6805892286687043
2023-03-01,item_20,0.9578101187136034
2023-04-01,item_20,0.0
2023-05-01,item_20,0.0
2023-06-01,item_20,0.7407895057275086
2023-07-01,item_20,0.644359727004141
2023-08-01,item_20,0.0
2023-09-01,item_20,0.0
2023-10-01,item_20,0.0
2023-11-01,item_20,0.7970265889106551
2023-12-01,item_20,0.0
2019-10-01,item_21,0.0
2019-11-01,item_21,0.5422091960815788
2019-12-01,item_21,0.6940938050052106
2020-01-01,item_21,0.0
2020-02-01,item_21,0.0
2020-03-01,item_21,0.0
2020-04-01,item_21,0.8898712958021413
2020-05-01,item_21,0.937930342209148
2020-06-01,item_21,0.7040202796045971
2020-07-01,item_21,0.8081681314996557
2020-08-01,item_21,0.8109098795156291
2020-09-01,item_21,0.7367694021548482
2020-10-01,item_21,0.9333766543450218
2020-11-01,item_21,0.0
2020-12-01,item_21,0.0
2021-01-01,item_21,0.0
2021-02-01,item_21,0.0
2021-03-01,item_21,0.0
2021-04-01,item_21,0.0
2021-05-01,item_21,0.0
2021-06-01,item_21,0.7699264132361148
2021-07-01,item_21,0.0
2021-08-01,item_21,0.6655855434890847
2021-09-01,item_21,0.0
2021-10-01,item_21,0.0
2021-11-01,item_21,0.0
2021-12-01,item_21,0.0
2022-01-01,item_21,0.0
2022-02-01,item_21,0.0
2022-03-01,item_21,0.0
2022-04-01,item_21,0.0
2022-05-01,item_21,0.0
2022-06-01,item_21,0.0
2022-07-01,item_21,0.0
2022-08-01,item_21,0.0
2022-09-01,item_21,0.0
2022-10-01,item_21,0.0
2022-11-01,item_21,0.7237441554622314
2022-12-01,item_21,0.6077568378275195
2023-01-01,item_21,0.0
2023-02-01,item_21,0.0
2023-03-01,item_21,0.0
2023-04-01,item_21,0.0
2023-05-01,item_21,0.981167112945972
2023-06-01,item_21,0.0
2023-07-01,item_21,0.0
2023-08-01,item_21,0.0
2023-09-01,item_21,0.9189758558785848
2023-10-01,item_21,0.6038217963563824
2023-11-01,item_21,0.0
2023-12-01,item_21,0.7661945293110572
2019-10-01,item_22,0.8105288992750261
2019-11-01,item_22,0.0
2019-12-01,item_22,0.0
2020-01-01,item_22,0.6473118575767521
2020-02-01,item_22,0.0
2020-03-01,item_22,0.0
2020-04-01,item_22,0.0
2020-05-01,item_22,0.0
2020-06-01,item_22,0.7533115565574506
2020-07-01,item_22,0.0
2020-08-01,item_22,0.5708270939512183
2020-09-01,item_22,0.0
2020-10-01,item_22,0.0
2020-11-01,item_22,0.929153054583786
2020-12-01,item_22,0.0
2021-01-01,item_22,0.0
2021-02-01,item_22,0.0
2021-03-01,item_22,0.7434924713699806
2021-04-01,item_22,0.0
2021-05-01,item_22,0.596589167706451
2021-06-01,item_22,0.0
2021-07-01,item_22,0.0
2021-08-01,item_22,0.5902708357342682
2021-09-01,item_22,0.5082058862503336
2021-10-01,item_22,0.0
2021-11-01,item_22,0.0
2021-12-01,item_22,0.0
2022-01-01,item_22,0.0
2022-02-01,item_22,0.0
2022-03-01,item_22,0.0
2022-04-01,item_22,0.0
2022-05-01,item_22,0.0
2022-06-01,item_22,0.0
2022-07-01,item_22,0.0
2022-08-01,item_22,0.6976326664223966
2022-09-01,item_22,0.0
2022-10-01,item_22,0.0
2022-11-01,item_22,0.0
2022-12-01,item_22,0.0
2023-01-01,item_22,0.0
2023-02-01,item_22,0.0
2023-03-01,item_22,0.5306499113716745
2023-04-01,item_22,0.0
2023-05-01,item_22,0.618469410774388
2023-06-01,item_22,0.572674994709045
2023-07-01,item_22,0.0
2023-08-01,item_22,0.653598726263831
2023-09-01,item_22,0.6598159172422453
2023-10-01,item_22,0.9541825621818794
2023-11-01,item_22,0.0
2023-12-01,item_22,0.751169632790083
2019-10-01,item_23,0.0
2019-11-01,item_23,0.0
2019-12-01,item_23,0.0
2020-01-01,item_23,0.0
2020-02-01,item_23,0.0
2020-03-01,item_23,0.8064777353361023
2020-04-01,item_23,0.7198618523622251
2020-05-01,item_23,0.0
2020-06-01,item_23,0.0
2020-07-01,item_23,0.9976710082685732
2020-08-01,item_23,0.7875899102952391
2020-09-01,item_23,0.0
2020-10-01,item_23,0.7298688416543412
2020-11-01,item_23,0.0
2020-12-01,item_23,0.0
2021-01-01,item_23,0.0
2021-02-01,item_23,0.0
2021-03-01,item_23,0.8842595957736252
2021-04-01,item_23,0.8288372280287094
2021-05-01,item_23,0.0
2021-06-01,item_23,0.0
2021-07-01,item_23,0.0
2021-08-01,item_23,0.0
2021-09-01,item_23,0.0
2021-10-01,item_23,0.8967410356834985
2021-11-01,item_23,0.0
2021-12-01,item_23,0.0
2022-01-01,item_23,0.581917084001256
2022-02-01,item_23,0.0
2022-03-01,item_23,0.517346534884024
2022-04-01,item_23,0.0
2022-05-01,item_23,0.0
2022-06-01,item_23,0.0
2022-07-01,item_23,0.0
2022-08-01,item_23,0.0
2022-09-01,item_23,0.8759317582679695
2022-10-01,item_23,0.0
2022-11-01,item_23,0.880146146874123
2022-12-01,item_23,0.0
2023-01-01,item_23,0.0
2023-02-01,item_23,0.0
2023-03-01,item_23,0.0
2023-04-01,item_23,0.0
2023-05-01,item_23,0.7687621923866986
2023-06-01,item_23,0.0
2023-07-01,item_23,0.0
2023-08-01,item_23,0.7114717500023051
2023-09-01,item_23,0.8770814549741968
2023-10-01,item_23,0.0
2023-11-01,item_23,0.9378783640214476
2023-12-01,item_23,0.6657469230913862
2019-10-01,item_24,0.0
2019-11-01,item_24,0.0
2019-12-01,item_24,0.0
2020-01-01,item_24,0.0
2020-02-01,item_24,0.604387541679483
2020-03-01,item_24,0.7195915528138448
2020-04-01,item_24,0.0
2020-05-01,item_24,0.0
2020-06-01,item_24,0.7934038563069281
2020-07-01,item_24,0.0
2020-08-01,item_24,0.0
2020-09-01,item_24,0.0
2020-10-01,item_24,0.0
2020-11-01,item_24,0.0
2020-12-01,item_24,0.6919070577734916
2021-01-01,item_24,0.5280552011865867
2021-02-01,item_24,0.0
2021-03-01,item_24,0.0
2021-04-01,item_24,0.0
2021-05-01,item_24,0.0
2021-06-01,item_24,0.0
2021-07-01,item_24,0.5074705289470622
2021-08-01,item_24,0.959397402370788
2021-09-01,item_24,0.0
2021-10-01,item_24,0.5040464203621475
2021-11-01,item_24,0.0
2021-12-01,item_24,0.0
2022-01-01,item_24,0.0
2022-02-01,item_24,0.0
2022-03-01,item_24,0.0
2022-04-01,item_24,0.0
2022-05-01,item_24,0.0
2022-06-01,item_24,0.0
2022-07-01,item_24,0.9337013791522186
2022-08-01,item_24,0.7414528220989572
2022-09-01,item_24,0.8461802159803039
2022-10-01,item_24,0.0
2022-11-01,item_24,0.0
2022-12-01,item_24,0.0
2023-01-01,item_24,0.0
2023-02-01,item_24,0.7373845803720069
2023-03-01,item_24,0.5232251781453878
2023-04-01,item_24,0.0
2023-05-01,item_24,0.7783154894962893
2023-06-01,item_24,0.0
2023-07-01,item_24,0.5785240772779925
2023-08-01,item_24,0.0
2023-09-01,item_24,0.593922545920394
2023-10-01,item_24,0.0
2023-11-01,item_24,0.7132651512838477
2023-12-01,item_24,0.0
2019-10-01,item_25,0.0
2019-11-01,item_25,0.0
2019-12-01,item_25,0.0
2020-01-01,item_25,0.8951810342203683
2020-02-01,item_25,0.0
2020-03-01,item_25,0.0
2020-04-01,item_25,0.0
2020-05-01,item_25,0.0
2020-06-01,item_25,0.0
2020-07-01,item_25,0.940082829695564
2020-08-01,item_25,0.0
2020-09-01,item_25,0.0
2020-10-01,item_25,0.935569498585709
2020-11-01,item_25,0.9526916689937692
2020-12-01,item_25,0.0
2021-01-01,item_25,0.0
2021-02-01,item_25,0.0
2021-03-01,item_25,0.9189069835483724
2021-04-01,item_25,0.5173492348195305
2021-05-01,item_25,0.8594135446881284
2021-06-01,item_25,0.0
2021-07-01,item_25,0.0
2021-08-01,item_25,0.0
2021-09-01,item_25,0.0
2021-10-01,item_25,0.5524764636283536
2021-11-01,item_25,0.5582622105401325
2021-12-01,item_25,0.0
2022-01-01,item_25,0.0
2022-02-01,item_25,0.0
2022-03-01,item_25,0.0
2022-04-01,item_25,0.0
2022-05-01,item_25,0.0
2022-06-01,item_25,0.6787697420086131
2022-07-01,item_25,0.0
2022-08-01,item_25,0.8356088515729556
2022-09-01,item_25,0.5326698308412976
2022-10-01,item_25,0.0
2022-11-01,item_25,0.6091786376888578
2022-12-01,item_25,0.0
2023-01-01,item_25,0.6732618016405794
2023-02-01,item_25,0.0
2023-03-01,item_25,0.7559821536978606
2023-04-01,item_25,0.0
2023-05-01,item_25,0.0
2023-06-01,item_25,0.0
2023-07-01,item_25,0.5068148644195296
2023-08-01,item_25,0.0
2023-09-01,item_25,0.0
2023-10-01,item_25,0.0
2023-11-01,item_25,0.0
2023-12-01,item_25,0.6489321336030818
2019-10-01,item_26,0.0
2019-11-01,item_26,0.0
2019-12-01,item_26,0.0
2020-01-01,item_26,0.0
2020-02-01,item_26,0.8261983299742648
2020-03-01,item_26,0.5541953131195844
2020-04-01,item_26,0.0
2020-05-01,item_26,0.9438203217165724
2020-06-01,item_26,0.0
2020-07-01,item_26,0.0
2020-08-01,item_26,0.0
2020-09-01,item_26,0.0
2020-10-01,item_26,0.0
2020-11-01,item_26,0.0
2020-12-01,item_26,0.0
2021-01-01,item_26,0.0
2021-02-01,item_26,0.0
2021-03-01,item_26,0.0
2021-04-01,item_26,0.0
2021-05-01,item_26,0.0
2021-06-01,item_26,0.0
2021-07-01,item_26,0.9609943387093804
2021-08-01,item_26,0.6722679336195929
2021-09-01,item_26,0.5685603937267533
2021-10-01,item_26,0.0
2021-11-01,item_26,0.9344517266180504
2021-12-01,item_26,0.807960277464234
2022-01-01,item_26,0.0
2022-02-01,item_26,0.0
2022-03-01,item_26,0.0
2022-04-01,item_26,0.9400473384952396
2022-05-01,item_26,0.0
2022-06-01,item_26,0.0
2022-07-01,item_26,0.0
2022-08-01,item_26,0.0
2022-09-01,item_26,0.8318256516809692
2022-10-01,item_26,0.0
2022-11-01,item_26,0.0
2022-12-01,item_26,0.9411081479118856
2023-01-01,item_26,0.7089632223096404
2023-02-01,item_26,0.0
2023-03-01,item_26,0.0
2023-04-01,item_26,0.5858964878015624
2023-05-01,item_26,0.7699407633854308
2023-06-01,item_26,0.0
2023-07-01,item_26,0.0
2023-08-01,item_26,0.6180276352614189
2023-09-01,item_26,0.0
2023-10-01,item_26,0.0
2023-11-01,item_26,0.6067812175396718
2023-12-01,item_26,0.67840290944459
2019-10-01,item_27,0.0
2019-11-01,item_27,0.0
2019-12-01,item_27,0.0
2020-01-01,item_27,0.8932961603279754
2020-02-01,item_27,0.0
2020-03-01,item_27,0.0
2020-04-01,item_27,0.574711248378221
2020-05-01,item_27,0.0
2020-06-01,item_27,0.68640543657407
2020-07-01,item_27,0.0
2020-08-01,item_27,0.9944036971753428
2020-09-01,item_27,0.0
2020-10-01,item_27,0.0
2020-11-01,item_27,0.6413322962148453
2020-12-01,item_27,0.5718490055939924
2021-01-01,item_27,0.0
2021-02-01,item_27,0.0
2021-03-01,item_27,0.0
2021-04-01,item_27,0.6618677506191765
2021-05-01,item_27,0.0
2021-06-01,item_27,0.0
2021-07-01,item_27,0.7593233439241899
2021-08-01,item_27,0.0
2021-09-01,item_27,0.0
2021-10-01,item_27,0.0
2021-11-01,item_27,0.5965043725244534
2021-12-01,item_27,0.9598061878808564
2022-01-01,item_27,0.0
2022-02-01,item_27,0.0
2022-03-01,item_27,0.708997557898023
2022-04-01,item_27,0.0
2022-05-01,item_27,0.0
2022-06-01,item_27,0.0
2022-07-01,item_27,0.5597255231719257
2022-08-01,item_27,0.0
2022-09-01,item_27,0.0
2022-10-01,item_27,0.9290832115569744
2022-11-01,item_27,0.0
2022-12-01,item_27,0.0
2023-01-01,item_27,0.0
2023-02-01,item_27,0.0
2023-03-01,item_27,0.0
2023-04-01,item_27,0.925619346626182
2023-05-01,item_27,0.0
2023-06-01,item_27,0.950881034390449
2023-07-01,item_27,0.0
2023-08-01,item_27,0.0
2023-09-01,item_27,0.9489360595804666
2023-10-01,item_27,0.0
2023-11-01,item_27,0.0
2023-12-01,item_27,0.7708125278949169
2019-10-01,item_28,0.6297739720009398
2019-11-01,item_28,0.0
2019-12-01,item_28,0.7157114595644433
2020-01-01,item_28,0.5923694884618566
2020-02-01,item_28,0.0
2020-03-01,item_28,0.0
2020-04-01,item_28,0.634412161781142
2020-05-01,item_28,0.0
2020-06-01,item_28,0.0
2020-07-01,item_28,0.0
2020-08-01,item_28,0.5408786862111439
2020-09-01,item_28,0.0
2020-10-01,item_28,0.0
2020-11-01,item_28,0.0
2020-12-01,item_28,0.0
2021-01-01,item_28,0.7011914693298397
2021-02-01,item_28,0.0
2021-03-01,item_28,0.0
2021-04-01,item_28,0.0
2021-05-01,item_28,0.0
2021-06-01,item_28,0.9823370295528602
2021-07-01,item_28,0.7473442774905259
2021-08-01,item_28,0.0
2021-09-01,item_28,0.0
2021-10-01,item_28,0.0
2021-11-01,item_28,0.0
2021-12-01,item_28,0.0
2022-01-01,item_28,0.6207663542759561
2022-02-01,item_28,0.0
2022-03-01,item_28,0.0
2022-04-01,item_28,0.6271315290119222
2022-05-01,item_28,0.0
2022-06-01,item_28,0.7903305642995959
2022-07-01,item_28,0.0
2022-08-01,item_28,0.0
2022-09-01,item_28,0.0
2022-10-01,item_28,0.0
2022-11-01,item_28,0.8107527377652994
2022-12-01,item_28,0.0
2023-01-01,item_28,0.519982020658333
2023-02-01,item_28,0.0
2023-03-01,item_28,0.0
2023-04-01,item_28,0.563958584999495
2023-05-01,item_28,0.9370227398272108
2023-06-01,item_28,0.0
2023-07-01,item_28,0.6289217581410617
2023-08-01,item_28,0.0
2023-09-01,item_28,0.0
2023-10-01,item_28,0.5579467017937663
2023-11-01,item_28,0.0
2023-12-01,item_28,0.0
2019-10-01,item_29,0.0
2019-11-01,item_29,0.0
2019-12-01,item_29,0.0
2020-01-01,item_29,0.0
2020-02-01,item_29,0.0
2020-03-01,item_29,0.8276257961585715
2020-04-01,item_29,0.0
2020-05-01,item_29,0.0
2020-06-01,item_29,0.0
2020-07-01,item_29,0.9046066043471848
2020-08-01,item_29,0.5041019047602006
2020-09-01,item_29,0.5128892199073452
2020-10-01,item_29,0.0
2020-11-01,item_29,0.0
2020-12-01,item_29,0.0
2021-01-01,item_29,0.0
2021-02-01,item_29,0.0
2021-03-01,item_29,0.8068306439693058
2021-04-01,item_29,0.6993418778148007
2021-05-01,item_29,0.0
2021-06-01,item_29,0.5563119286010128
2021-07-01,item_29,0.0
2021-08-01,item_29,0.0
2021-09-01,item_29,0.7552101200917096
2021-10-01,item_29,0.0
2021-11-01,item_29,0.0
2021-12-01,item_29,0.0
2022-01-01,item_29,0.9346264534012424
2022-02-01,item_29,0.0
2022-03-01,item_29,0.0
2022-04-01,item_29,0.6701925070641633
2022-05-01,item_29,0.0
2022-06-01,item_29,0.0
2022-07-01,item_29,0.7636955373509805
2022-08-01,item_29,0.0
2022-09-01,item_29,0.9131964957406696
2022-10-01,item_29,0.0
2022-11-01,item_29,0.6817631581299584
2022-12-01,item_29,0.0
2023-01-01,item_29,0.6858134496668067
2023-02-01,item_29,0.0
2023-03-01,item_29,0.0
2023-04-01,item_29,0.0
2023-05-01,item_29,0.0
2023-06-01,item_29,0.0
2023-07-01,item_29,0.7676781486719366
2023-08-01,item_29,0.5139516886830233
2023-09-01,item_29,0.8885767808180649
2023-10-01,item_29,0.0
2023-11-01,item_29,0.0
2023-12-01,item_29,0.0
2019-10-01,item_30,0.0
2019-11-01,item_30,0.0
2019-12-01,item_30,0.0
2020-01-01,item_30,0.0
2020-02-01,item_30,0.8688909804373697
2020-03-01,item_30,0.0
2020-04-01,item_30,0.0
2020-05-01,item_30,0.5005213898243142
2020-06-01,item_30,0.0
2020-07-01,item_30,0.8732554653962008
2020-08-01,item_30,0.5832399801871803
2020-09-01,item_30,0.9753540768131832
2020-10-01,item_30,0.0
2020-11-01,item_30,0.0
2020-12-01,item_30,0.0
2021-01-01,item_30,0.0
2021-02-01,item_30,0.0
2021-03-01,item_30,0.0
2021-04-01,item_30,0.0
2021-05-01,item_30,0.0
2021-06-01,item_30,0.9791326412219477
2021-07-01,item_30,0.5650805010490643
2021-08-01,item_30,0.5202623451268464
2021-09-01,item_30,0.0
2021-10-01,item_30,0.8192371140621766
2021-11-01,item_30,0.0
2021-12-01,item_30,0.0
2022-01-01,item_30,0.5488179038502801
2022-02-01,item_30,0.0
2022-03-01,item_30,0.0
2022-04-01,item_30,0.0
2022-05-01,item_30,0.617861076839487
2022-06-01,item_30,0.6289230579053684
2022-07-01,item_30,0.8468847008202665
2022-08-01,item_30,0.0
2022-09-01,item_30,0.0
2022-10-01,item_30,0.0
2022-11-01,item_30,0.0
2022-12-01,item_30,0.0
2023-01-01,item_30,0.0
2023-02-01,item_30,0.0
2023-03-01,item_30,0.0
2023-04-01,item_30,0.0
2023-05-01,item_30,0.928737019052128
2023-06-01,item_30,0.0
2023-07-01,item_30,0.0
2023-08-01,item_30,0.9909219741560572
2023-09-01,item_30,0.0
2023-10-01,item_30,0.0
2023-11-01,item_30,0.7919407169224457
2023-12-01,item_30,0.6212747903132773
2019-10-01,item_31,0.0
2019-11-01,item_31,0.0
2019-12-01,item_31,0.6064388947299644
2020-01-01,item_31,0.79534507088651
2020-02-01,item_31,0.0
2020-03-01,item_31,0.0
2020-04-01,item_31,0.6901600573161002
2020-05-01,item_31,0.0
2020-06-01,item_31,0.809881936725186
2020-07-01,item_31,0.9526072821787036
2020-08-01,item_31,0.0
2020-09-01,item_31,0.0
2020-10-01,item_31,0.8714198013633576
2020-11-01,item_31,0.0
2020-12-01,item_31,0.0
2021-01-01,item_31,0.0
2021-02-01,item_31,0.0
2021-03-01,item_31,0.0
2021-04-01,item_31,0.0
2021-05-01,item_31,0.737008969407282
2021-06-01,item_31,0.0
2021-07-01,item_31,0.0
2021-08-01,item_31,0.5897888189492387
2021-09-01,item_31,0.7277273298745741
2021-10-01,item_31,0.0
2021-11-01,item_31,0.0
2021-12-01,item_31,0.0
2022-01-01,item_31,0.0
2022-02-01,item_31,0.7300453150618014
2022-03-01,item_31,0.894387227214728
2022-04-01,item_31,0.0
2022-05-01,item_31,0.0
2022-06-01,item_31,0.5784523804479464
2022-07-01,item_31,0.0
2022-08-01,item_31,0.0
2022-09-01,item_31,0.7471931701611354
2022-10-01,item_31,0.0
2022-11-01,item_31,0.0
2022-12-01,item_31,0.0
2023-01-01,item_31,0.9521718396023222
2023-02-01,item_31,0.9235155146335958
2023-03-01,item_31,0.8054874351104089
2023-04-01,item_31,0.0
2023-05-01,item_31,0.0
2023-06-01,item_31,0.871487649524789
2023-07-01,item_31,0.0
2023-08-01,item_31,0.0
2023-09-01,item_31,0.0
2023-10-01,item_31,0.0
2023-11-01,item_31,0.0
2023-12-01,item_31,0.0
2019-10-01,item_32,0.0
2019-11-01,item_32,0.5394215042940822
2019-12-01,item_32,0.0
2020-01-01,item_32,0.0
2020-02-01,item_32,0.0
2020-03-01,item_32,0.0
2020-04-01,item_32,0.0
2020-05-01,item_32,0.0
2020-06-01,item_32,0.854927998215139
2020-07-01,item_32,0.0
2020-08-01,item_32,0.0
2020-09-01,item_32,0.8644839484301651
2020-10-01,item_32,0.0
2020-11-01,item_32,0.0
2020-12-01,item_32,0.0
2021-01-01,item_32,0.0
2021-02-01,item_32,0.9312607222096488
2021-03-01,item_32,0.9288612558233114
2021-04-01,item_32,0.6667153203369678
2021-05-01,item_32,0.0
2021-06-01,item_32,0.0
2021-07-01,item_32,0.8254500634323119
2021-08-01,item_32,0.0
2021-09-01,item_32,0.0
2021-10-01,item_32,0.0
2021-11-01,item_32,0.935688318582931
2021-12-01,item_32,0.0
2022-01-01,item_32,0.9837031290836256
2022-02-01,item_32,0.0
2022-03-01,item_32,0.0
2022-04-01,item_32,0.807138556342137
2022-05-01,item_32,0.6847881360919226
2022-06-01,item_32,0.0
2022-07-01,item_32,0.0
2022-08-01,item_32,0.5859514618123771
2022-09-01,item_32,0.9709409742360984
2022-10-01,item_32,0.0
2022-11-01,item_32,0.0
2022-12-01,item_32,0.0
2023-01-01,item_32,0.0
2023-02-01,item_32,0.0
2023-03-01,item_32,0.0
2023-04-01,item_32,0.869365253010778
2023-05-01,item_32,0.0
2023-06-01,item_32,0.0
2023-07-01,item_32,0.9658429416978748
2023-08-01,item_32,0.0
2023-09-01,item_32,0.5977298033216915
2023-10-01,item_32,0.0
2023-11-01,item_32,0.9798778748047864
2023-12-01,item_32,0.0
2019-10-01,item_33,0.0
2019-11-01,item_33,0.5959517285994828
2019-12-01,item_33,0.0
2020-01-01,item_33,0.729677236404093
2020-02-01,item_33,0.0
2020-03-01,item_33,0.868934709148548
2020-04-01,item_33,0.8076631493934695
2020-05-01,item_33,0.0
2020-06-01,item_33,0.0
2020-07-01,item_33,0.0
2020-08-01,item_33,0.0
2020-09-01,item_33,0.8096932896230888
2020-10-01,item_33,0.0
2020-11-01,item_33,0.6647315558803601
2020-12-01,item_33,0.0
2021-01-01,item_33,0.0
2021-02-01,item_33,0.0
2021-03-01,item_33,0.0
2021-04-01,item_33,0.0
2021-05-01,item_33,0.0
2021-06-01,item_33,0.0
2021-07-01,item_33,0.0
2021-08-01,item_33,0.0
2021-09-01,item_33,0.0
2021-10-01,item_33,0.0
2021-11-01,item_33,0.9454538330566264
2021-12-01,item_33,0.7037882811033991
2022-01-01,item_33,0.5385210948766864
2022-02-01,item_33,0.0
2022-03-01,item_33,0.0
2022-04-01,item_33,0.0
2022-05-01,item_33,0.916941104773132
2022-06-01,item_33,0.0
2022-07-01,item_33,0.5037852808301603
2022-08-01,item_33,0.0
2022-09-01,item_33,0.0
2022-10-01,item_33,0.8452113568999995
2022-11-01,item_33,0.852023774781737
2022-12-01,item_33,0.8250382457680212
2023-01-01,item_33,0.6856455935224646
2023-02-01,item_33,0.5440663077727917
2023-03-01,item_33,0.0
2023-04-01,item_33,0.0
2023-05-01,item_33,0.0
2023-06-01,item_33,0.0
2023-07-01,item_33,0.0
2023-08-01,item_33,0.0
2023-09-01,item_33,0.0
2023-10-01,item_33,0.0
2023-11-01,item_33,0.0
2023-12-01,item_33,0.7952957754263783
2019-10-01,item_34,0.9123296226824388
2019-11-01,item_34,0.0
2019-12-01,item_34,0.0
2020-01-01,item_34,0.8373320412808295
2020-02-01,item_34,0.0
2020-03-01,item_34,0.0
2020-04-01,item_34,0.0
2020-05-01,item_34,0.0
2020-06-01,item_34,0.0
2020-07-01,item_34,0.0
2020-08-01,item_34,0.0
2020-09-01,item_34,0.0
2020-10-01,item_34,0.0
2020-11-01,item_34,0.5259010693470492
2020-12-01,item_34,0.0
2021-01-01,item_34,0.0
2021-02-01,item_34,0.0
2021-03-01,item_34,0.0
2021-04-01,item_34,0.0
2021-05-01,item_34,0.0
2021-06-01,item_34,0.0
2021-07-01,item_34,0.8959661419952989
2021-08-01,item_34,0.0
2021-09-01,item_34,0.5702425946741713
2021-10-01,item_34,0.9368465162572082
2021-11-01,item_34,0.5805526243131118
2021-12-01,item_34,0.0
2022-01-01,item_34,0.6868684848466786
2022-02-01,item_34,0.0
2022-03-01,item_34,0.0
2022-04-01,item_34,0.0
2022-05-01,item_34,0.0
2022-06-01,item_34,0.0
2022-07-01,item_34,0.5118595358483056
2022-08-01,item_34,0.0
2022-09-01,item_34,0.7990512969236111
2022-10-01,item_34,0.5268684636802201
2022-11-01,item_34,0.5405487217342584
2022-12-01,item_34,0.0
2023-01-01,item_34,0.0
2023-02-01,item_34,0.5687893075760294
2023-03-01,item_34,0.0
2023-04-01,item_34,0.8227241143419883
2023-05-01,item_34,0.0
2023-06-01,item_34,0.0
2023-07-01,item_34,0.0
2023-08-01,item_34,0.0
2023-09-01,item_34,0.6127098150530653
2023-10-01,item_34,0.7998909214193594
2023-11-01,item_34,0.0
2023-12-01,item_34,0.5341034957140425
2019-10-01,item_35,0.0
2019-11-01,item_35,0.0
2019-12-01,item_35,0.595495535109031
2020-01-01,item_35,0.0
2020-02-01,item_35,0.0
2020-03-01,item_35,0.0
2020-04-01,item_35,0.0
2020-05-01,item_35,0.0
2020-06-01,item_35,0.0
2020-07-01,item_35,0.6574627495353037
2020-08-01,item_35,0.6280669467651709
2020-09-01,item_35,0.0
2020-10-01,item_35,0.0
2020-11-01,item_35,0.0
2020-12-01,item_35,0.0
2021-01-01,item_35,0.0
2021-02-01,item_35,0.0
2021-03-01,item_35,0.6538841449571949
2021-04-01,item_35,0.6317037218404736
2021-05-01,item_35,0.0
2021-06-01,item_35,0.0
2021-07-01,item_35,0.0
2021-08-01,item_35,0.8546958591158907
2021-09-01,item_35,0.8527957564194382
2021-10-01,item_35,0.0
2021-11-01,item_35,0.0
2021-12-01,item_35,0.5914551245898424
2022-01-01,item_35,0.8160586336800181
2022-02-01,item_35,0.6894873365346732
2022-03-01,item_35,0.0
2022-04-01,item_35,0.6697222116875512
2022-05-01,item_35,0.0
2022-06-01,item_35,0.0
2022-07-01,item_35,0.0
2022-08-01,item_35,0.8098773950671412
2022-09-01,item_35,0.0
2022-10-01,item_35,0.0
2022-11-01,item_35,0.0
2022-12-01,item_35,0.0
2023-01-01,item_35,0.8263345198227023
2023-02-01,item_35,0.0
2023-03-01,item_35,0.0
2023-04-01,item_35,0.0
2023-05-01,item_35,0.7386444097970553
2023-06-01,item_35,0.5981651774150998
2023-07-01,item_35,0.0
2023-08-01,item_35,0.0
2023-09-01,item_35,0.0
2023-10-01,item_35,0.6080078215820404
2023-11-01,item_35,0.9763012100519548
2023-12-01,item_35,0.0
2019-10-01,item_36,0.8505212518854841
2019-11-01,item_36,0.0
2019-12-01,item_36,0.0
2020-01-01,item_36,0.9778935241533476
2020-02-01,item_36,0.0
2020-03-01,item_36,0.0
2020-04-01,item_36,0.0
2020-05-01,item_36,0.0
2020-06-01,item_36,0.7912758274633187
2020-07-01,item_36,0.8604626609195312
2020-08-01,item_36,0.5323483016700731
2020-09-01,item_36,0.9546134837392152
2020-10-01,item_36,0.0
2020-11-01,item_36,0.0
2020-12-01,item_36,0.0
2021-01-01,item_36,0.0
2021-02-01,item_36,0.0
2021-03-01,item_36,0.0
2021-04-01,item_36,0.7429837527900123
2021-05-01,item_36,0.0
2021-06-01,item_36,0.0
2021-07-01,item_36,0.0
2021-08-01,item_36,0.0
2021-09-01,item_36,0.0
2021-10-01,item_36,0.0
2021-11-01,item_36,0.0
2021-12-01,item_36,0.0
2022-01-01,item_36,0.0
2022-02-01,item_36,0.0
2022-03-01,item_36,0.789681421890425
2022-04-01,item_36,0.5871170690771794
2022-05-01,item_36,0.7262201253749387
2022-06-01,item_36,0.0
2022-07-01,item_36,0.0
2022-08-01,item_36,0.5770375260377754
2022-09-01,item_36,0.6203935215971417
2022-10-01,item_36,0.0
2022-11-01,item_36,0.6564804053173827
2022-12-01,item_36,0.0
2023-01-01,item_36,0.0
2023-02-01,item_36,0.0
2023-03-01,item_36,0.0
2023-04-01,item_36,0.0
2023-05-01,item_36,0.8821646379657979
2023-06-01,item_36,0.0
2023-07-01,item_36,0.7523834819140733
2023-08-01,item_36,0.0
2023-09-01,item_36,0.0
2023-10-01,item_36,0.8798570128855282
2023-11-01,item_36,0.0
2023-12-01,item_36,0.7194027547964718
2019-10-01,item_37,0.5345392705077452
2019-11-01,item_37,0.0
2019-12-01,item_37,0.8313696933851091
2020-01-01,item_37,0.0
2020-02-01,item_37,0.8938832931112652
2020-03-01,item_37,0.6746215328730643
2020-04-01,item_37,0.0
2020-05-01,item_37,0.6334815318987236
2020-06-01,item_37,0.0
2020-07-01,item_37,0.6601684149840278
2020-08-01,item_37,0.0
2020-09-01,item_37,0.0
2020-10-01,item_37,0.8124146161827654
2020-11-01,item_37,0.0
2020-12-01,item_37,0.0
2021-01-01,item_37,0.9345382855001264
2021-02-01,item_37,0.0
2021-03-01,item_37,0.5049493537477878
2021-04-01,item_37,0.0
2021-05-01,item_37,0.0
2021-06-01,item_37,0.8782533359509593
2021-07-01,item_37,0.0
2021-08-01,item_37,0.0
2021-09-01,item_37,0.7029532628484386
2021-10-01,item_37,0.0
2021-11-01,item_37,0.5120623163934274
2021-12-01,item_37,0.0
2022-01-01,item_37,0.0
2022-02-01,item_37,0.735196639199242
2022-03-01,item_37,0.7434179823544487
2022-04-01,item_37,0.0
2022-05-01,item_37,0.0
2022-06-01,item_37,0.9950156144486992
2022-07-01,item_37,0.7009203895201264
2022-08-01,item_37,0.0
2022-09-01,item_37,0.0
2022-10-01,item_37,0.0
2022-11-01,item_37,0.0
2022-12-01,item_37,0.0
2023-01-01,item_37,0.0
2023-02-01,item_37,0.0
2023-03-01,item_37,0.0
2023-04-01,item_37,0.0
2023-05-01,item_37,0.0
2023-06-01,item_37,0.0
2023-07-01,item_37,0.0
2023-08-01,item_37,0.0
2023-09-01,item_37,0.0
2023-10-01,item_37,0.921458668447116
2023-11-01,item_37,0.0
2023-12-01,item_37,0.0
2019-10-01,item_38,0.0
2019-11-01,item_38,0.8041314773665017
2019-12-01,item_38,0.0
2020-01-01,item_38,0.0
2020-02-01,item_38,0.0
2020-03-01,item_38,0.0
2020-04-01,item_38,0.0
2020-05-01,item_38,0.0
2020-06-01,item_38,0.0
2020-07-01,item_38,0.0
2020-08-01,item_38,0.0
2020-09-01,item_38,0.0
2020-10-01,item_38,0.9362268775682344
2020-11-01,item_38,0.0
2020-12-01,item_38,0.8008772078957184
2021-01-01,item_38,0.5611234440992554
2021-02-01,item_38,0.0
2021-03-01,item_38,0.5882167006330219
2021-04-01,item_38,0.0
2021-05-01,item_38,0.6323759791277048
2021-06-01,item_38,0.8509362630960535
2021-07-01,item_38,0.0
2021-08-01,item_38,0.6656757900789326
2021-09-01,item_38,0.0
2021-10-01,item_38,0.0
2021-11-01,item_38,0.5635596062623837
2021-12-01,item_38,0.0
2022-01-01,item_38,0.0
2022-02-01,item_38,0.0
2022-03-01,item_38,0.0
2022-04-01,item_38,0.0
2022-05-01,item_38,0.9795957107493846
2022-06-01,item_38,0.9945137755069796
2022-07-01,item_38,0.0
2022-08-01,item_38,0.7628435773220605
2022-09-01,item_38,0.0
2022-10-01,item_38,0.935338174299661
2022-11-01,item_38,0.0
2022-12-01,item_38,0.7289208128469249
2023-01-01,item_38,0.6594269202010097
2023-02-01,item_38,0.0
2023-03-01,item_38,0.0
2023-04-01,item_38,0.0
2023-05-01,item_38,0.0
2023-06-01,item_38,0.0
2023-07-01,item_38,0.0
2023-08-01,item_38,0.0
2023-09-01,item_38,0.8973365586175183
2023-10-01,item_38,0.0
2023-11-01,item_38,0.9857311350207189
2023-12-01,item_38,0.0
2019-10-01,item_39,0.6551130000847112
2019-11-01,item_39,0.5997155053447838
2019-12-01,item_39,0.8308714044646828
2020-01-01,item_39,0.0
2020-02-01,item_39,0.5966954845154679
2020-03-01,item_39,0.0
2020-04-01,item_39,0.0
2020-05-01,item_39,0.0
2020-06-01,item_39,0.8320661841601389
2020-07-01,item_39,0.5781667463462798
2020-08-01,item_39,0.9264135746273304
2020-09-01,item_39,0.0
2020-10-01,item_39,0.5749097474894971
2020-11-01,item_39,0.0
2020-12-01,item_39,0.0
2021-01-01,item_39,0.0
2021-02-01,item_39,0.0
2021-03-01,item_39,0.0
2021-04-01,item_39,0.9553020810088438
2021-05-01,item_39,0.5779121528462207
2021-06-01,item_39,0.0
2021-07-01,item_39,0.0
2021-08-01,item_39,0.0
2021-09-01,item_39,0.6801781816656254
2021-10-01,item_39,0.0
2021-11-01,item_39,0.0
2021-12-01,item_39,0.781773921144063
2022-01-01,item_39,0.0
2022-02-01,item_39,0.0
2022-03-01,item_39,0.0
2022-04-01,item_39,0.0
2022-05-01,item_39,0.0
2022-06-01,item_39,0.0
2022-07-01,item_39,0.7876521556186291
2022-08-01,item_39,0.0
2022-09-01,item_39,0.0
2022-10-01,item_39,0.0
2022-11-01,item_39,0.55628914145377
2022-12-01,item_39,0.0
2023-01-01,item_39,0.0
2023-02-01,item_39,0.528440121025024
2023-03-01,item_39,0.6648904200642259
2023-04-01,item_39,0.0
2023-05-01,item_39,0.0
2023-06-01,item_39,0.0
2023-07-01,item_39,0.0
2023-08-01,item_39,0.0
2023-09-01,item_39,0.0
2023-10-01,item_39,0.6882737427156269
2023-11-01,item_39,0.0
2023-12-01,item_39,0.0
2019-10-01,item_40,0.0
2019-11-01,item_40,0.6050829801278643
2019-12-01,item_40,0.0
2020-01-01,item_40,0.9791709849243292
2020-02-01,item_40,0.0
2020-03-01,item_40,0.6680151286295488
2020-04-01,item_40,0.0
2020-05-01,item_40,0.7225876093123027
2020-06-01,item_40,0.0
2020-07-01,item_40,0.5219990125121017
2020-08-01,item_40,0.0
2020-09-01,item_40,0.0
2020-10-01,item_40,0.0
2020-11-01,item_40,0.0
2020-12-01,item_40,0.7718467889952327
2021-01-01,item_40,0.0
2021-02-01,item_40,0.5913078725344323
2021-03-01,item_40,0.0
2021-04-01,item_40,0.0
2021-05-01,item_40,0.0
2021-06-01,item_40,0.0
2021-07-01,item_40,0.0
2021-08-01,item_40,0.0
2021-09-01,item_40,0.7984015948160323
2021-10-01,item_40,0.0
2021-11-01,item_40,0.0
2021-12-01,item_40,0.9029215215660672
2022-01-01,item_40,0.0
2022-02-01,item_40,0.0
2022-03-01,item_40,0.0
2022-04-01,item_40,0.6958277899492156
2022-05-01,item_40,0.0
2022-06-01,item_40,0.0
2022-07-01,item_40,0.0
2022-08-01,item_40,0.9209899117127504
2022-09-01,item_40,0.0
2022-10-01,item_40,0.0
2022-11-01,item_40,0.0
2022-12-01,item_40,0.6284550573954668
2023-01-01,item_40,0.6030425645334869
2023-02-01,item_40,0.0
2023-03-01,item_40,0.5544529650772061
2023-04-01,item_40,0.0
2023-05-01,item_40,0.7684376118034945
2023-06-01,item_40,0.7691634944147836
2023-07-01,item_40,0.0
2023-08-01,item_40,0.0
2023-09-01,item_40,0.0
2023-10-01,item_40,0.9313733738141498
2023-11-01,item_40,0.0
2023-12-01,item_40,0.0
2019-10-01,item_41,0.771294726375111
2019-11-01,item_41,0.0
2019-12-01,item_41,0.8933119303072977
2020-01-01,item_41,0.0
2020-02-01,item_41,0.0
2020-03-01,item_41,0.0
2020-04-01,item_41,0.5636428904380406
2020-05-01,item_41,0.9720576850883044
2020-06-01,item_41,0.0
2020-07-01,item_41,0.0
2020-08-01,item_41,0.0
2020-09-01,item_41,0.5929158193949347
2020-10-01,item_41,0.0
2020-11-01,item_41,0.0
2020-12-01,item_41,0.0
2021-01-01,item_41,0.0
2021-02-01,item_41,0.0
2021-03-01,item_41,0.9692795352021812
2021-04-01,item_41,0.0
2021-05-01,item_41,0.0
2021-06-01,item_41,0.6072165511585688
2021-07-01,item_41,0.0
2021-08-01,item_41,0.9463759823779953
2021-09-01,item_41,0.0
2021-10-01,item_41,0.7444809020850573
2021-11-01,item_41,0.0
2021-12-01,item_41,0.5791838381209964
2022-01-01,item_41,0.5323565352007305
2022-02-01,item_41,0.5504642352533335
2022-03-01,item_41,0.0
2022-04-01,item_41,0.0
2022-05-01,item_41,0.0
2022-06-01,item_41,0.0
2022-07-01,item_41,0.0
2022-08-01,item_41,0.0
2022-09-01,item_41,0.0
2022-10-01,item_41,0.7689163089243705
2022-11-01,item_41,0.0
2022-12-01,item_41,0.8472297133222351
2023-01-01,item_41,0.0
2023-02-01,item_41,0.0
2023-03-01,item_41,0.0
2023-04-01,item_41,0.9817282199383766
2023-05-01,item_41,0.5473312778986517
2023-06-01,item_41,0.0
2023-07-01,item_41,0.0
2023-08-01,item_41,0.0
2023-09-01,item_41,0.0
2023-10-01,item_41,0.0
2023-11-01,item_41,0.997963806676484
2023-12-01,item_41,0.0
2019-10-01,item_42,0.9137527416370028
2019-11-01,item_42,0.771595295796949
2019-12-01,item_42,0.0
2020-01-01,item_42,0.0
2020-02-01,item_42,0.0
2020-03-01,item_42,0.0
2020-04-01,item_42,0.0
2020-05-01,item_42,0.0
2020-06-01,item_42,0.9859321045259796
2020-07-01,item_42,0.6331745857314302
2020-08-01,item_42,0.0
2020-09-01,item_42,0.0
2020-10-01,item_42,0.9446337796488772
2020-11-01,item_42,0.6801147522900504
2020-12-01,item_42,0.0
2021-01-01,item_42,0.0
2021-02-01,item_42,0.0
2021-03-01,item_42,0.0
2021-04-01,item_42,0.598348843045338
2021-05-01,item_42,0.5593741415820186
2021-06-01,item_42,0.0
2021-07-01,item_42,0.6897881061395097
2021-08-01,item_42,0.0
2021-09-01,item_42,0.0
2021-10-01,item_42,0.0
2021-11-01,item_42,0.0
2021-12-01,item_42,0.8716909721692578
2022-01-01,item_42,0.0
2022-02-01,item_42,0.0
2022-03-01,item_42,0.0
2022-04-01,item_42,0.0
2022-05-01,item_42,0.6739920660297454
2022-06-01,item_42,0.9690418194113024
2022-07-01,item_42,0.0
2022-08-01,item_42,0.6770951558907667
2022-09-01,item_42,0.567336529675696
2022-10-01,item_42,0.0
2022-11-01,item_42,0.8972729120538417
2022-12-01,item_42,0.0
2023-01-01,item_42,0.57992374913545
2023-02-01,item_42,0.0
2023-03-01,item_42,0.0
2023-04-01,item_42,0.0
2023-05-01,item_42,0.8019346327633696
2023-06-01,item_42,0.0
2023-07-01,item_42,0.0
2023-08-01,item_42,0.0
2023-09-01,item_42,0.0
2023-10-01,item_42,0.0
2023-11-01,item_42,0.0
2023-12-01,item_42,0.0
2019-10-01,item_43,0.9206679530004253
2019-11-01,item_43,0.0
2019-12-01,item_43,0.0
2020-01-01,item_43,0.0
2020-02-01,item_43,0.8679856457844863
2020-03-01,item_43,0.0
2020-04-01,item_43,0.0
2020-05-01,item_43,0.5196494274611139
2020-06-01,item_43,0.6476158196810355
2020-07-01,item_43,0.578546142255281
2020-08-01,item_43,0.0
2020-09-01,item_43,0.0
2020-10-01,item_43,0.0
2020-11-01,item_43,0.7659297954065618
2020-12-01,item_43,0.0
2021-01-01,item_43,0.0
2021-02-01,item_43,0.0
2021-03-01,item_43,0.0
2021-04-01,item_43,0.0
2021-05-01,item_43,0.0
2021-06-01,item_43,0.0
2021-07-01,item_43,0.0
2021-08-01,item_43,0.0
2021-09-01,item_43,0.0
2021-10-01,item_43,0.0
2021-11-01,item_43,0.0
2021-12-01,item_43,0.0
2022-01-01,item_43,0.7334182695055472
2022-02-01,item_43,0.0
2022-03-01,item_43,0.0
2022-04-01,item_43,0.9554444172249764
2022-05-01,item_43,0.0
2022-06-01,item_43,0.0
2022-07-01,item_43,0.6748545538661129
2022-08-01,item_43,0.9401735259448234
2022-09-01,item_43,0.6948375903445163
2022-10-01,item_43,0.8805226925350673
2022-11-01,item_43,0.9994549999552672
2022-12-01,item_43,0.0
2023-01-01,item_43,0.8117815157269548
2023-02-01,item_43,0.0
2023-03-01,item_43,0.0
2023-04-01,item_43,0.0
2023-05-01,item_43,0.0
2023-06-01,item_43,0.0
2023-07-01,item_43,0.7966499221903722
2023-08-01,item_43,0.5259994122056424
2023-09-01,item_43,0.0
2023-10-01,item_43,0.6594698704352212
2023-11-01,item_43,0.0
2023-12-01,item_43,0.0
2019-10-01,item_44,0.5037444864982821
2019-11-01,item_44,0.9904719045473218
2019-12-01,item_44,0.0
2020-01-01,item_44,0.0
2020-02-01,item_44,0.0
2020-03-01,item_44,0.0
2020-04-01,item_44,0.0
2020-05-01,item_44,0.0
2020-06-01,item_44,0.0
2020-07-01,item_44,0.8549516342238819
2020-08-01,item_44,0.5688839081495956
2020-09-01,item_44,0.6714443166989081
2020-10-01,item_44,0.6116464285342424
2020-11-01,item_44,0.0
2020-12-01,item_44,0.6308335428673923
2021-01-01,item_44,0.0
2021-02-01,item_44,0.8421432645092166
2021-03-01,item_44,0.958369361627058
2021-04-01,item_44,0.0
2021-05-01,item_44,0.6710283888869695
2021-06-01,item_44,0.0
2021-07-01,item_44,0.0
2021-08-01,item_44,0.0
2021-09-01,item_44,0.0
2021-10-01,item_44,0.0
2021-11-01,item_44,0.0
2021-12-01,item_44,0.0
2022-01-01,item_44,0.0
2022-02-01,item_44,0.7361850527909688
2022-03-01,item_44,0.8569515240137702
2022-04-01,item_44,0.0
2022-05-01,item_44,0.0
2022-06-01,item_44,0.0
2022-07-01,item_44,0.0
2022-08-01,item_44,0.0
2022-09-01,item_44,0.0
2022-10-01,item_44,0.0
2022-11-01,item_44,0.0
2022-12-01,item_44,0.0
2023-01-01,item_44,0.0
2023-02-01,item_44,0.918071435413662
2023-03-01,item_44,0.656216168882084
2023-04-01,item_44,0.0
2023-05-01,item_44,0.6976728590620804
2023-06-01,item_44,0.0
2023-07-01,item_44,0.0
2023-08-01,item_44,0.8797500828311373
2023-09-01,item_44,0.0
2023-10-01,item_44,0.0
2023-11-01,item_44,0.8967884491833251
2023-12-01,item_44,0.0
2019-10-01,item_45,0.8884919338869848
2019-11-01,item_45,0.5468002121278401
2019-12-01,item_45,0.0
2020-01-01,item_45,0.7722220437556345
2020-02-01,item_45,0.0
2020-03-01,item_45,0.5088708876963203
2020-04-01,item_45,0.0
2020-05-01,item_45,0.5678306155453998
2020-06-01,item_45,0.5425634255312983
2020-07-01,item_45,0.5264596946025458
2020-08-01,item_45,0.0
2020-09-01,item_45,0.0
2020-10-01,item_45,0.7760151049438757
2020-11-01,item_45,0.7972207052115756
2020-12-01,item_45,0.0
2021-01-01,item_45,0.8812895929275597
2021-02-01,item_45,0.0
2021-03-01,item_45,0.0
2021-04-01,item_45,0.0
2021-05-01,item_45,0.9488297576968774
2021-06-01,item_45,0.0
2021-07-01,item_45,0.0
2021-08-01,item_45,0.0
2021-09-01,item_45,0.0
2021-10-01,item_45,0.0
2021-11-01,item_45,0.0
2021-12-01,item_45,0.0
2022-01-01,item_45,0.0
2022-02-01,item_45,0.6815666413349246
2022-03-01,item_45,0.0
2022-04-01,item_45,0.7018872910689087
2022-05-01,item_45,0.0
2022-06-01,item_45,0.0
2022-07-01,item_45,0.0
2022-08-01,item_45,0.0
2022-09-01,item_45,0.0
2022-10-01,item_45,0.0
2022-11-01,item_45,0.0
2022-12-01,item_45,0.0
2023-01-01,item_45,0.5814263496555134
2023-02-01,item_45,0.0
2023-03-01,item_45,0.0
2023-04-01,item_45,0.0
2023-05-01,item_45,0.0
2023-06-01,item_45,0.6909755177747571
2023-07-01,item_45,0.0
2023-08-01,item_45,0.5251200077654664
2023-09-01,item_45,0.0
2023-10-01,item_45,0.0
2023-11-01,item_45,0.0
2023-12-01,item_45,0.6817863671268868
2019-10-01,item_46,0.0
2019-11-01,item_46,0.8174920152949654
2019-12-01,item_46,0.0
2020-01-01,item_46,0.0
2020-02-01,item_46,0.0
2020-03-01,item_46,0.0
2020-04-01,item_46,0.0
2020-05-01,item_46,0.0
2020-06-01,item_46,0.680332956085711
2020-07-01,item_46,0.0
2020-08-01,item_46,0.0
2020-09-01,item_46,0.9408141848031044
2020-10-01,item_46,0.0
2020-11-01,item_46,0.0
2020-12-01,item_46,0.6689421309913388
2021-01-01,item_46,0.0
2021-02-01,item_46,0.0
2021-03-01,item_46,0.0
2021-04-01,item_46,0.7668741173333056
2021-05-01,item_46,0.0
2021-06-01,item_46,0.0
2021-07-01,item_46,0.5265835139807609
2021-08-01,item_46,0.0
2021-09-01,item_46,0.8784679513333424
2021-10-01,item_46,0.6491764607707508
2021-11-01,item_46,0.0
2021-12-01,item_46,0.8139497929736152
2022-01-01,item_46,0.0
2022-02-01,item_46,0.0
2022-03-01,item_46,0.87183123641649
2022-04-01,item_46,0.0
2022-05-01,item_46,0.767837394655824
2022-06-01,item_46,0.0
2022-07-01,item_46,0.0
2022-08-01,item_46,0.6794959347094014
2022-09-01,item_46,0.0
2022-10-01,item_46,0.0
2022-11-01,item_46,0.568492903438174
2022-12-01,item_46,0.0
2023-01-01,item_46,0.0
2023-02-01,item_46,0.0
2023-03-01,item_46,0.63043036681269
2023-04-01,item_46,0.0
2023-05-01,item_46,0.0
2023-06-01,item_46,0.0
2023-07-01,item_46,0.0
2023-08-01,item_46,0.0
2023-09-01,item_46,0.5876038822494895
2023-10-01,item_46,0.977607785176318
2023-11-01,item_46,0.0
2023-12-01,item_46,0.8228729577256201
2019-10-01,item_47,0.6435854938196803
2019-11-01,item_47,0.0
2019-12-01,item_47,0.0
2020-01-01,item_47,0.0
2020-02-01,item_47,0.6274720713874115
2020-03-01,item_47,0.8352836898990238
2020-04-01,item_47,0.0
2020-05-01,item_47,0.0
2020-06-01,item_47,0.0
2020-07-01,item_47,0.7992664686294431
2020-08-01,item_47,0.5582758316348153
2020-09-01,item_47,0.0
2020-10-01,item_47,0.9078446514337202
2020-11-01,item_47,0.0
2020-12-01,item_47,0.0
2021-01-01,item_47,0.6507035922671793
2021-02-01,item_47,0.7681032324386267
2021-03-01,item_47,0.0
2021-04-01,item_47,0.0
2021-05-01,item_47,0.0
2021-06-01,item_47,0.562622733699397
2021-07-01,item_47,0.7551738511881507
2021-08-01,item_47,0.0
2021-09-01,item_47,0.0
2021-10-01,item_47,0.0
2021-11-01,item_47,0.7123571757194032
2021-12-01,item_47,0.0
2022-01-01,item_47,0.0
2022-02-01,item_47,0.0
2022-03-01,item_47,0.0
2022-04-01,item_47,0.0
2022-05-01,item_47,0.0
2022-06-01,item_47,0.0
2022-07-01,item_47,0.0
2022-08-01,item_47,0.0
2022-09-01,item_47,0.0
2022-10-01,item_47,0.0
2022-11-01,item_47,0.0
2022-12-01,item_47,0.544551520095511
2023-01-01,item_47,0.9957487547511626
2023-02-01,item_47,0.806686742122248
2023-03-01,item_47,0.0
2023-04-01,item_47,0.0
2023-05-01,item_47,0.0
2023-06-01,item_47,0.7772330377211021
2023-07-01,item_47,0.82600667932667
2023-08-01,item_47,0.0
2023-09-01,item_47,0.5139316200248694
2023-10-01,item_47,0.0
2023-11-01,item_47,0.0
2023-12-01,item_47,0.0
2019-10-01,item_48,0.0
2019-11-01,item_48,0.0
2019-12-01,item_48,0.0
2020-01-01,item_48,0.0
2020-02-01,item_48,0.0
2020-03-01,item_48,0.0
2020-04-01,item_48,0.0
2020-05-01,item_48,0.0
2020-06-01,item_48,0.5494331841110882
2020-07-01,item_48,0.971685794361252
2020-08-01,item_48,0.0
2020-09-01,item_48,0.5091306344535995
2020-10-01,item_48,0.0
2020-11-01,item_48,0.0
2020-12-01,item_48,0.5226363552657162
2021-01-01,item_48,0.0
2021-02-01,item_48,0.9663635786385408
2021-03-01,item_48,0.0
2021-04-01,item_48,0.0
2021-05-01,item_48,0.0
2021-06-01,item_48,0.0
2021-07-01,item_48,0.9223412345884402
2021-08-01,item_48,0.9277387814152928
2021-09-01,item_48,0.0
2021-10-01,item_48,0.890012179475075
2021-11-01,item_48,0.0
2021-12-01,item_48,0.0
2022-01-01,item_48,0.7962918207719547
2022-02-01,item_48,0.0
2022-03-01,item_48,0.0
2022-04-01,item_48,0.7714076567031338
2022-05-01,item_48,0.0
2022-06-01,item_48,0.0
2022-07-01,item_48,0.0
2022-08-01,item_48,0.7704212650442064
2022-09-01,item_48,0.0
2022-10-01,item_48,0.0
2022-11-01,item_48,0.0
2022-12-01,item_48,0.0
2023-01-01,item_48,0.0
2023-02-01,item_48,0.9991779681365642
2023-03-01,item_48,0.0
2023-04-01,item_48,0.0
2023-05-01,item_48,0.5460959986954612
2023-06-01,item_48,0.769270157444162
2023-07-01,item_48,0.0
2023-08-01,item_48,0.0
2023-09-01,item_48,0.562648035735832
2023-10-01,item_48,0.8682881044136002
2023-11-01,item_48,0.9632272837384708
2023-12-01,item_48,0.0
2019-10-01,item_49,0.8437958489903865
2019-11-01,item_49,0.645520385561181
2019-12-01,item_49,0.0
2020-01-01,item_49,0.0
2020-02-01,item_49,0.0
2020-03-01,item_49,0.5895182326076249
2020-04-01,item_49,0.0
2020-05-01,item_49,0.693298387702479
2020-06-01,item_49,0.7813296887442616
2020-07-01,item_49,0.0
2020-08-01,item_49,0.0
2020-09-01,item_49,0.0
2020-10-01,item_49,0.0
2020-11-01,item_49,0.0
2020-12-01,item_49,0.0
2021-01-01,item_49,0.0
2021-02-01,item_49,0.6981511829708922
2021-03-01,item_49,0.8579642892728336
2021-04-01,item_49,0.0
2021-05-01,item_49,0.6974649130926036
2021-06-01,item_49,0.0
2021-07-01,item_49,0.0
2021-08-01,item_49,0.5930548700901784
2021-09-01,item_49,0.0
2021-10-01,item_49,0.0
2021-11-01,item_49,0.0
2021-12-01,item_49,0.5835603729917467
2022-01-01,item_49,0.9050633299211231
2022-02-01,item_49,0.0
2022-03-01,item_49,0.8861183571382121
2022-04-01,item_49,0.0
2022-05-01,item_49,0.5107753143548939
2022-06-01,item_49,0.74200187152535
2022-07-01,item_49,0.0
2022-08-01,item_49,0.0
2022-09-01,item_49,0.0
2022-10-01,item_49,0.0
2022-11-01,item_49,0.0
2022-12-01,item_49,0.0
2023-01-01,item_49,0.0
2023-02-01,item_49,0.0
2023-03-01,item_49,0.0
2023-04-01,item_49,0.7609999786428325
2023-05-01,item_49,0.0
2023-06-01,item_49,0.0
2023-07-01,item_49,0.512446900809733
2023-08-01,item_49,0.62763828569976
2023-09-01,item_49,0.0
2023-10-01,item_49,0.0
2023-11-01,item_49,0.0
2023-12-01,item_49,0.0
