dates,item_id,price
2019-10-01,item_0,10.904267429349884
2019-11-01,item_0,10.904267429349884
2019-12-01,item_0,10.904267429349884
2020-01-01,item_0,10.904267429349884
2020-02-01,item_0,10.904267429349884
2020-03-01,item_0,10.904267429349884
2020-04-01,item_0,10.904267429349884
2020-05-01,item_0,9.813840686414895
2020-06-01,item_0,9.813840686414895
2020-07-01,item_0,9.813840686414895
2020-08-01,item_0,9.813840686414895
2020-09-01,item_0,9.813840686414895
2020-10-01,item_0,9.813840686414895
2020-11-01,item_0,8.832456617773406
2020-12-01,item_0,8.832456617773406
2021-01-01,item_0,8.832456617773406
2021-02-01,item_0,8.832456617773406
2021-03-01,item_0,8.832456617773406
2021-04-01,item_0,8.832456617773406
2021-05-01,item_0,9.274079448662077
2021-06-01,item_0,9.274079448662077
2021-07-01,item_0,9.274079448662077
2021-08-01,item_0,9.274079448662077
2021-09-01,item_0,9.274079448662077
2021-10-01,item_0,9.274079448662077
2021-11-01,item_0,8.810375476228973
2021-12-01,item_0,8.810375476228973
2022-01-01,item_0,8.810375476228973
2022-02-01,item_0,8.810375476228973
2022-03-01,item_0,8.810375476228973
2022-04-01,item_0,8.810375476228973
2022-05-01,item_0,8.369856702417524
2022-06-01,item_0,8.369856702417524
2022-07-01,item_0,8.369856702417524
2022-08-01,item_0,8.369856702417524
2022-09-01,item_0,8.369856702417524
2022-10-01,item_0,8.369856702417524
2022-11-01,item_0,7.951363867296647
2022-12-01,item_0,7.951363867296647
2023-01-01,item_0,7.951363867296647
2023-02-01,item_0,7.951363867296647
2023-03-01,item_0,7.951363867296647
2023-04-01,item_0,7.951363867296647
2023-05-01,item_0,8.746500254026312
2023-06-01,item_0,8.746500254026312
2023-07-01,item_0,8.746500254026312
2023-08-01,item_0,8.746500254026312
2023-09-01,item_0,8.746500254026312
2023-10-01,item_0,8.746500254026312
2023-11-01,item_0,8.309175241324995
2023-12-01,item_0,8.309175241324995
2019-10-01,item_1,14.486123740094357
2019-11-01,item_1,15.210429927099074
2019-12-01,item_1,15.210429927099074
2020-01-01,item_1,15.210429927099074
2020-02-01,item_1,15.210429927099074
2020-03-01,item_1,15.210429927099074
2020-04-01,item_1,15.210429927099074
2020-05-01,item_1,14.44990843074412
2020-06-01,item_1,14.44990843074412
2020-07-01,item_1,14.44990843074412
2020-08-01,item_1,14.44990843074412
2020-09-01,item_1,14.44990843074412
2020-10-01,item_1,14.44990843074412
2020-11-01,item_1,15.172403852281327
2020-12-01,item_1,15.172403852281327
2021-01-01,item_1,15.172403852281327
2021-02-01,item_1,15.172403852281327
2021-03-01,item_1,15.172403852281327
2021-04-01,item_1,15.172403852281327
2021-05-01,item_1,15.931024044895397
2021-06-01,item_1,15.931024044895397
2021-07-01,item_1,15.931024044895397
2021-08-01,item_1,15.931024044895397
2021-09-01,item_1,15.931024044895397
2021-10-01,item_1,15.931024044895397
2021-11-01,item_1,17.524126449384937
2021-12-01,item_1,17.524126449384937
2022-01-01,item_1,17.524126449384937
2022-02-01,item_1,17.524126449384937
2022-03-01,item_1,17.524126449384937
2022-04-01,item_1,17.524126449384937
2022-05-01,item_1,15.771713804446444
2022-06-01,item_1,15.771713804446444
2022-07-01,item_1,15.771713804446444
2022-08-01,item_1,15.771713804446444
2022-09-01,item_1,15.771713804446444
2022-10-01,item_1,15.771713804446444
2022-11-01,item_1,17.34888518489109
2022-12-01,item_1,17.34888518489109
2023-01-01,item_1,17.34888518489109
2023-02-01,item_1,17.34888518489109
2023-03-01,item_1,17.34888518489109
2023-04-01,item_1,17.34888518489109
2023-05-01,item_1,19.0837737033802
2023-06-01,item_1,19.0837737033802
2023-07-01,item_1,19.0837737033802
2023-08-01,item_1,19.0837737033802
2023-09-01,item_1,19.0837737033802
2023-10-01,item_1,19.0837737033802
2023-11-01,item_1,20.03796238854921
2023-12-01,item_1,20.03796238854921
2019-10-01,item_2,15.54529023196558
2019-11-01,item_2,17.09981925516214
2019-12-01,item_2,17.09981925516214
2020-01-01,item_2,17.09981925516214
2020-02-01,item_2,17.09981925516214
2020-03-01,item_2,17.09981925516214
2020-04-01,item_2,17.09981925516214
2020-05-01,item_2,16.24482829240403
2020-06-01,item_2,16.24482829240403
2020-07-01,item_2,16.24482829240403
2020-08-01,item_2,16.24482829240403
2020-09-01,item_2,16.24482829240403
2020-10-01,item_2,16.24482829240403
2020-11-01,item_2,17.869311121644433
2020-12-01,item_2,17.869311121644433
2021-01-01,item_2,17.869311121644433
2021-02-01,item_2,17.869311121644433
2021-03-01,item_2,17.869311121644433
2021-04-01,item_2,17.869311121644433
2021-05-01,item_2,17.869311121644433
2021-06-01,item_2,17.869311121644433
2021-07-01,item_2,17.869311121644433
2021-08-01,item_2,17.869311121644433
2021-09-01,item_2,17.869311121644433
2021-10-01,item_2,17.869311121644433
2021-11-01,item_2,17.869311121644433
2021-12-01,item_2,17.869311121644433
2022-01-01,item_2,17.869311121644433
2022-02-01,item_2,17.869311121644433
2022-03-01,item_2,17.869311121644433
2022-04-01,item_2,17.869311121644433
2022-05-01,item_2,18.762776677726656
2022-06-01,item_2,18.762776677726656
2022-07-01,item_2,18.762776677726656
2022-08-01,item_2,18.762776677726656
2022-09-01,item_2,18.762776677726656
2022-10-01,item_2,18.762776677726656
2022-11-01,item_2,16.88649900995399
2022-12-01,item_2,16.88649900995399
2023-01-01,item_2,16.88649900995399
2023-02-01,item_2,16.88649900995399
2023-03-01,item_2,16.88649900995399
2023-04-01,item_2,16.88649900995399
2023-05-01,item_2,15.197849108958591
2023-06-01,item_2,15.197849108958591
2023-07-01,item_2,15.197849108958591
2023-08-01,item_2,15.197849108958591
2023-09-01,item_2,15.197849108958591
2023-10-01,item_2,15.197849108958591
2023-11-01,item_2,15.957741564406522
2023-12-01,item_2,15.957741564406522
2019-10-01,item_3,11.403877908951936
2019-11-01,item_3,10.83368401350434
2019-12-01,item_3,10.83368401350434
2020-01-01,item_3,10.83368401350434
2020-02-01,item_3,10.83368401350434
2020-03-01,item_3,10.83368401350434
2020-04-01,item_3,10.83368401350434
2020-05-01,item_3,9.750315612153909
2020-06-01,item_3,9.750315612153909
2020-07-01,item_3,9.750315612153909
2020-08-01,item_3,9.750315612153909
2020-09-01,item_3,9.750315612153909
2020-10-01,item_3,9.750315612153909
2020-11-01,item_3,10.7253471733693
2020-12-01,item_3,10.7253471733693
2021-01-01,item_3,10.7253471733693
2021-02-01,item_3,10.7253471733693
2021-03-01,item_3,10.7253471733693
2021-04-01,item_3,10.7253471733693
2021-05-01,item_3,9.652812456032368
2021-06-01,item_3,9.652812456032368
2021-07-01,item_3,9.652812456032368
2021-08-01,item_3,9.652812456032368
2021-09-01,item_3,9.652812456032368
2021-10-01,item_3,9.652812456032368
2021-11-01,item_3,9.652812456032368
2021-12-01,item_3,9.652812456032368
2022-01-01,item_3,9.652812456032368
2022-02-01,item_3,9.652812456032368
2022-03-01,item_3,9.652812456032368
2022-04-01,item_3,9.652812456032368
2022-05-01,item_3,8.687531210429132
2022-06-01,item_3,8.687531210429132
2022-07-01,item_3,8.687531210429132
2022-08-01,item_3,8.687531210429132
2022-09-01,item_3,8.687531210429132
2022-10-01,item_3,8.687531210429132
2022-11-01,item_3,8.687531210429132
2022-12-01,item_3,8.687531210429132
2023-01-01,item_3,8.687531210429132
2023-02-01,item_3,8.687531210429132
2023-03-01,item_3,8.687531210429132
2023-04-01,item_3,8.687531210429132
2023-05-01,item_3,8.687531210429132
2023-06-01,item_3,8.687531210429132
2023-07-01,item_3,8.687531210429132
2023-08-01,item_3,8.687531210429132
2023-09-01,item_3,8.687531210429132
2023-10-01,item_3,8.687531210429132
2023-11-01,item_3,8.253154649907675
2023-12-01,item_3,8.253154649907675
2019-10-01,item_4,12.193686025563938
2019-11-01,item_4,11.58400172428574
2019-12-01,item_4,11.58400172428574
2020-01-01,item_4,11.58400172428574
2020-02-01,item_4,11.58400172428574
2020-03-01,item_4,11.58400172428574
2020-04-01,item_4,11.58400172428574
2020-05-01,item_4,11.004801638071454
2020-06-01,item_4,11.004801638071454
2020-07-01,item_4,11.004801638071454
2020-08-01,item_4,11.004801638071454
2020-09-01,item_4,11.004801638071454
2020-10-01,item_4,11.004801638071454
2020-11-01,item_4,12.1052818018786
2020-12-01,item_4,12.1052818018786
2021-01-01,item_4,12.1052818018786
2021-02-01,item_4,12.1052818018786
2021-03-01,item_4,12.1052818018786
2021-04-01,item_4,12.1052818018786
2021-05-01,item_4,10.89475362169074
2021-06-01,item_4,10.89475362169074
2021-07-01,item_4,10.89475362169074
2021-08-01,item_4,10.89475362169074
2021-09-01,item_4,10.89475362169074
2021-10-01,item_4,10.89475362169074
2021-11-01,item_4,11.43949130277528
2021-12-01,item_4,11.43949130277528
2022-01-01,item_4,11.43949130277528
2022-02-01,item_4,11.43949130277528
2022-03-01,item_4,11.43949130277528
2022-04-01,item_4,11.43949130277528
2022-05-01,item_4,12.583440433052807
2022-06-01,item_4,12.583440433052807
2022-07-01,item_4,12.583440433052807
2022-08-01,item_4,12.583440433052807
2022-09-01,item_4,12.583440433052807
2022-10-01,item_4,12.583440433052807
2022-11-01,item_4,12.583440433052807
2022-12-01,item_4,12.583440433052807
2023-01-01,item_4,12.583440433052807
2023-02-01,item_4,12.583440433052807
2023-03-01,item_4,12.583440433052807
2023-04-01,item_4,12.583440433052807
2023-05-01,item_4,13.84178447635809
2023-06-01,item_4,13.84178447635809
2023-07-01,item_4,13.84178447635809
2023-08-01,item_4,13.84178447635809
2023-09-01,item_4,13.84178447635809
2023-10-01,item_4,13.84178447635809
2023-11-01,item_4,13.149695252540184
2023-12-01,item_4,13.149695252540184
2019-10-01,item_5,15.4446066209156
2019-11-01,item_5,16.21683695196138
2019-12-01,item_5,16.21683695196138
2020-01-01,item_5,16.21683695196138
2020-02-01,item_5,16.21683695196138
2020-03-01,item_5,16.21683695196138
2020-04-01,item_5,16.21683695196138
2020-05-01,item_5,15.40599510436331
2020-06-01,item_5,15.40599510436331
2020-07-01,item_5,15.40599510436331
2020-08-01,item_5,15.40599510436331
2020-09-01,item_5,15.40599510436331
2020-10-01,item_5,15.40599510436331
2020-11-01,item_5,13.86539559392698
2020-12-01,item_5,13.86539559392698
2021-01-01,item_5,13.86539559392698
2021-02-01,item_5,13.86539559392698
2021-03-01,item_5,13.86539559392698
2021-04-01,item_5,13.86539559392698
2021-05-01,item_5,14.55866537362333
2021-06-01,item_5,14.55866537362333
2021-07-01,item_5,14.55866537362333
2021-08-01,item_5,14.55866537362333
2021-09-01,item_5,14.55866537362333
2021-10-01,item_5,14.55866537362333
2021-11-01,item_5,14.55866537362333
2021-12-01,item_5,14.55866537362333
2022-01-01,item_5,14.55866537362333
2022-02-01,item_5,14.55866537362333
2022-03-01,item_5,14.55866537362333
2022-04-01,item_5,14.55866537362333
2022-05-01,item_5,13.830732104942165
2022-06-01,item_5,13.830732104942165
2022-07-01,item_5,13.830732104942165
2022-08-01,item_5,13.830732104942165
2022-09-01,item_5,13.830732104942165
2022-10-01,item_5,13.830732104942165
2022-11-01,item_5,12.447658894447947
2022-12-01,item_5,12.447658894447947
2023-01-01,item_5,12.447658894447947
2023-02-01,item_5,12.447658894447947
2023-03-01,item_5,12.447658894447947
2023-04-01,item_5,12.447658894447947
2023-05-01,item_5,13.070041839170344
2023-06-01,item_5,13.070041839170344
2023-07-01,item_5,13.070041839170344
2023-08-01,item_5,13.070041839170344
2023-09-01,item_5,13.070041839170344
2023-10-01,item_5,13.070041839170344
2023-11-01,item_5,11.763037655253312
2023-12-01,item_5,11.763037655253312
2019-10-01,item_6,8.247971193541169
2019-11-01,item_6,8.247971193541169
2019-12-01,item_6,8.247971193541169
2020-01-01,item_6,8.247971193541169
2020-02-01,item_6,8.247971193541169
2020-03-01,item_6,8.247971193541169
2020-04-01,item_6,8.247971193541169
2020-05-01,item_6,9.072768312895288
2020-06-01,item_6,9.072768312895288
2020-07-01,item_6,9.072768312895288
2020-08-01,item_6,9.072768312895288
2020-09-01,item_6,9.072768312895288
2020-10-01,item_6,9.072768312895288
2020-11-01,item_6,8.165491481605757
2020-12-01,item_6,8.165491481605757
2021-01-01,item_6,8.165491481605757
2021-02-01,item_6,8.165491481605757
2021-03-01,item_6,8.165491481605757
2021-04-01,item_6,8.165491481605757
2021-05-01,item_6,7.348942333445182
2021-06-01,item_6,7.348942333445182
2021-07-01,item_6,7.348942333445182
2021-08-01,item_6,7.348942333445182
2021-09-01,item_6,7.348942333445182
2021-10-01,item_6,7.348942333445182
2021-11-01,item_6,6.614048100100664
2021-12-01,item_6,6.614048100100664
2022-01-01,item_6,6.614048100100664
2022-02-01,item_6,6.614048100100664
2022-03-01,item_6,6.614048100100664
2022-04-01,item_6,6.614048100100664
2022-05-01,item_6,6.944750505105698
2022-06-01,item_6,6.944750505105698
2022-07-01,item_6,6.944750505105698
2022-08-01,item_6,6.944750505105698
2022-09-01,item_6,6.944750505105698
2022-10-01,item_6,6.944750505105698
2022-11-01,item_6,7.639225555616268
2022-12-01,item_6,7.639225555616268
2023-01-01,item_6,7.639225555616268
2023-02-01,item_6,7.639225555616268
2023-03-01,item_6,7.639225555616268
2023-04-01,item_6,7.639225555616268
2023-05-01,item_6,8.021186833397081
2023-06-01,item_6,8.021186833397081
2023-07-01,item_6,8.021186833397081
2023-08-01,item_6,8.021186833397081
2023-09-01,item_6,8.021186833397081
2023-10-01,item_6,8.021186833397081
2023-11-01,item_6,7.219068150057374
2023-12-01,item_6,7.219068150057374
2019-10-01,item_7,8.26240493796064
2019-11-01,item_7,9.088645431756706
2019-12-01,item_7,9.088645431756706
2020-01-01,item_7,9.088645431756706
2020-02-01,item_7,9.088645431756706
2020-03-01,item_7,9.088645431756706
2020-04-01,item_7,9.088645431756706
2020-05-01,item_7,8.179780888581035
2020-06-01,item_7,8.179780888581035
2020-07-01,item_7,8.179780888581035
2020-08-01,item_7,8.179780888581035
2020-09-01,item_7,8.179780888581035
2020-10-01,item_7,8.179780888581035
2020-11-01,item_7,8.179780888581035
2020-12-01,item_7,8.179780888581035
2021-01-01,item_7,8.179780888581035
2021-02-01,item_7,8.179780888581035
2021-03-01,item_7,8.179780888581035
2021-04-01,item_7,8.179780888581035
2021-05-01,item_7,7.770791844151983
2021-06-01,item_7,7.770791844151983
2021-07-01,item_7,7.770791844151983
2021-08-01,item_7,7.770791844151983
2021-09-01,item_7,7.770791844151983
2021-10-01,item_7,7.770791844151983
2021-11-01,item_7,6.993712659736785
2021-12-01,item_7,6.993712659736785
2022-01-01,item_7,6.993712659736785
2022-02-01,item_7,6.993712659736785
2022-03-01,item_7,6.993712659736785
2022-04-01,item_7,6.993712659736785
2022-05-01,item_7,6.993712659736785
2022-06-01,item_7,6.993712659736785
2022-07-01,item_7,6.993712659736785
2022-08-01,item_7,6.993712659736785
2022-09-01,item_7,6.993712659736785
2022-10-01,item_7,6.993712659736785
2022-11-01,item_7,6.644027026749945
2022-12-01,item_7,6.644027026749945
2023-01-01,item_7,6.644027026749945
2023-02-01,item_7,6.644027026749945
2023-03-01,item_7,6.644027026749945
2023-04-01,item_7,6.644027026749945
2023-05-01,item_7,6.976228378087442
2023-06-01,item_7,6.976228378087442
2023-07-01,item_7,6.976228378087442
2023-08-01,item_7,6.976228378087442
2023-09-01,item_7,6.976228378087442
2023-10-01,item_7,6.976228378087442
2023-11-01,item_7,7.673851215896187
2023-12-01,item_7,7.673851215896187
2019-10-01,item_8,8.731044424540814
2019-11-01,item_8,7.857939982086733
2019-12-01,item_8,7.857939982086733
2020-01-01,item_8,7.857939982086733
2020-02-01,item_8,7.857939982086733
2020-03-01,item_8,7.857939982086733
2020-04-01,item_8,7.857939982086733
2020-05-01,item_8,7.857939982086733
2020-06-01,item_8,7.857939982086733
2020-07-01,item_8,7.857939982086733
2020-08-01,item_8,7.857939982086733
2020-09-01,item_8,7.857939982086733
2020-10-01,item_8,7.857939982086733
2020-11-01,item_8,7.857939982086733
2020-12-01,item_8,7.857939982086733
2021-01-01,item_8,7.857939982086733
2021-02-01,item_8,7.857939982086733
2021-03-01,item_8,7.857939982086733
2021-04-01,item_8,7.857939982086733
2021-05-01,item_8,8.25083698119107
2021-06-01,item_8,8.25083698119107
2021-07-01,item_8,8.25083698119107
2021-08-01,item_8,8.25083698119107
2021-09-01,item_8,8.25083698119107
2021-10-01,item_8,8.25083698119107
2021-11-01,item_8,9.075920679310178
2021-12-01,item_8,9.075920679310178
2022-01-01,item_8,9.075920679310178
2022-02-01,item_8,9.075920679310178
2022-03-01,item_8,9.075920679310178
2022-04-01,item_8,9.075920679310178
2022-05-01,item_8,8.622124645344668
2022-06-01,item_8,8.622124645344668
2022-07-01,item_8,8.622124645344668
2022-08-01,item_8,8.622124645344668
2022-09-01,item_8,8.622124645344668
2022-10-01,item_8,8.622124645344668
2022-11-01,item_8,9.484337109879135
2022-12-01,item_8,9.484337109879135
2023-01-01,item_8,9.484337109879135
2023-02-01,item_8,9.484337109879135
2023-03-01,item_8,9.484337109879135
2023-04-01,item_8,9.484337109879135
2023-05-01,item_8,9.010120254385178
2023-06-01,item_8,9.010120254385178
2023-07-01,item_8,9.010120254385178
2023-08-01,item_8,9.010120254385178
2023-09-01,item_8,9.010120254385178
2023-10-01,item_8,9.010120254385178
2023-11-01,item_8,8.559614241665919
2023-12-01,item_8,8.559614241665919
2019-10-01,item_9,14.102138125003314
2019-11-01,item_9,14.102138125003314
2019-12-01,item_9,14.102138125003314
2020-01-01,item_9,14.102138125003314
2020-02-01,item_9,14.102138125003314
2020-03-01,item_9,14.102138125003314
2020-04-01,item_9,14.102138125003314
2020-05-01,item_9,14.102138125003314
2020-06-01,item_9,14.102138125003314
2020-07-01,item_9,14.102138125003314
2020-08-01,item_9,14.102138125003314
2020-09-01,item_9,14.102138125003314
2020-10-01,item_9,14.102138125003314
2020-11-01,item_9,12.691924312502984
2020-12-01,item_9,12.691924312502984
2021-01-01,item_9,12.691924312502984
2021-02-01,item_9,12.691924312502984
2021-03-01,item_9,12.691924312502984
2021-04-01,item_9,12.691924312502984
2021-05-01,item_9,13.326520528128134
2021-06-01,item_9,13.326520528128134
2021-07-01,item_9,13.326520528128134
2021-08-01,item_9,13.326520528128134
2021-09-01,item_9,13.326520528128134
2021-10-01,item_9,13.326520528128134
2021-11-01,item_9,13.326520528128134
2021-12-01,item_9,13.326520528128134
2022-01-01,item_9,13.326520528128134
2022-02-01,item_9,13.326520528128134
2022-03-01,item_9,13.326520528128134
2022-04-01,item_9,13.326520528128134
2022-05-01,item_9,14.659172580940949
2022-06-01,item_9,14.659172580940949
2022-07-01,item_9,14.659172580940949
2022-08-01,item_9,14.659172580940949
2022-09-01,item_9,14.659172580940949
2022-10-01,item_9,14.659172580940949
2022-11-01,item_9,13.9262139518939
2022-12-01,item_9,13.9262139518939
2023-01-01,item_9,13.9262139518939
2023-02-01,item_9,13.9262139518939
2023-03-01,item_9,13.9262139518939
2023-04-01,item_9,13.9262139518939
2023-05-01,item_9,13.9262139518939
2023-06-01,item_9,13.9262139518939
2023-07-01,item_9,13.9262139518939
2023-08-01,item_9,13.9262139518939
2023-09-01,item_9,13.9262139518939
2023-10-01,item_9,13.9262139518939
2023-11-01,item_9,13.9262139518939
2023-12-01,item_9,13.9262139518939
2019-10-01,item_10,13.728008870384857
2019-11-01,item_10,15.100809757423342
2019-12-01,item_10,15.100809757423342
2020-01-01,item_10,15.100809757423342
2020-02-01,item_10,15.100809757423342
2020-03-01,item_10,15.100809757423342
2020-04-01,item_10,15.100809757423342
2020-05-01,item_10,16.61089073316568
2020-06-01,item_10,16.61089073316568
2020-07-01,item_10,16.61089073316568
2020-08-01,item_10,16.61089073316568
2020-09-01,item_10,16.61089073316568
2020-10-01,item_10,16.61089073316568
2020-11-01,item_10,15.780346196507391
2020-12-01,item_10,15.780346196507391
2021-01-01,item_10,15.780346196507391
2021-02-01,item_10,15.780346196507391
2021-03-01,item_10,15.780346196507391
2021-04-01,item_10,15.780346196507391
2021-05-01,item_10,14.991328886682023
2021-06-01,item_10,14.991328886682023
2021-07-01,item_10,14.991328886682023
2021-08-01,item_10,14.991328886682023
2021-09-01,item_10,14.991328886682023
2021-10-01,item_10,14.991328886682023
2021-11-01,item_10,15.740895331016125
2021-12-01,item_10,15.740895331016125
2022-01-01,item_10,15.740895331016125
2022-02-01,item_10,15.740895331016125
2022-03-01,item_10,15.740895331016125
2022-04-01,item_10,15.740895331016125
2022-05-01,item_10,14.953850564465318
2022-06-01,item_10,14.953850564465318
2022-07-01,item_10,14.953850564465318
2022-08-01,item_10,14.953850564465318
2022-09-01,item_10,14.953850564465318
2022-10-01,item_10,14.953850564465318
2022-11-01,item_10,16.44923562091185
2022-12-01,item_10,16.44923562091185
2023-01-01,item_10,16.44923562091185
2023-02-01,item_10,16.44923562091185
2023-03-01,item_10,16.44923562091185
2023-04-01,item_10,16.44923562091185
2023-05-01,item_10,14.804312058820663
2023-06-01,item_10,14.804312058820663
2023-07-01,item_10,14.804312058820663
2023-08-01,item_10,14.804312058820663
2023-09-01,item_10,14.804312058820663
2023-10-01,item_10,14.804312058820663
2023-11-01,item_10,16.284743264702733
2023-12-01,item_10,16.284743264702733
2019-10-01,item_11,13.447931682573309
2019-11-01,item_11,14.120328266701971
2019-12-01,item_11,14.120328266701971
2020-01-01,item_11,14.120328266701971
2020-02-01,item_11,14.120328266701971
2020-03-01,item_11,14.120328266701971
2020-04-01,item_11,14.120328266701971
2020-05-01,item_11,14.120328266701971
2020-06-01,item_11,14.120328266701971
2020-07-01,item_11,14.120328266701971
2020-08-01,item_11,14.120328266701971
2020-09-01,item_11,14.120328266701971
2020-10-01,item_11,14.120328266701971
2020-11-01,item_11,14.120328266701971
2020-12-01,item_11,14.120328266701971
2021-01-01,item_11,14.120328266701971
2021-02-01,item_11,14.120328266701971
2021-03-01,item_11,14.120328266701971
2021-04-01,item_11,14.120328266701971
2021-05-01,item_11,15.532361093372172
2021-06-01,item_11,15.532361093372172
2021-07-01,item_11,15.532361093372172
2021-08-01,item_11,15.532361093372172
2021-09-01,item_11,15.532361093372172
2021-10-01,item_11,15.532361093372172
2021-11-01,item_11,15.532361093372172
2021-12-01,item_11,15.532361093372172
2022-01-01,item_11,15.532361093372172
2022-02-01,item_11,15.532361093372172
2022-03-01,item_11,15.532361093372172
2022-04-01,item_11,15.532361093372172
2022-05-01,item_11,17.08559720270939
2022-06-01,item_11,17.08559720270939
2022-07-01,item_11,17.08559720270939
2022-08-01,item_11,17.08559720270939
2022-09-01,item_11,17.08559720270939
2022-10-01,item_11,17.08559720270939
2022-11-01,item_11,16.23131734257392
2022-12-01,item_11,16.23131734257392
2023-01-01,item_11,16.23131734257392
2023-02-01,item_11,16.23131734257392
2023-03-01,item_11,16.23131734257392
2023-04-01,item_11,16.23131734257392
2023-05-01,item_11,15.419751475445224
2023-06-01,item_11,15.419751475445224
2023-07-01,item_11,15.419751475445224
2023-08-01,item_11,15.419751475445224
2023-09-01,item_11,15.419751475445224
2023-10-01,item_11,15.419751475445224
2023-11-01,item_11,16.190739049217484
2023-12-01,item_11,16.190739049217484
2019-10-01,item_12,14.525612833748765
2019-11-01,item_12,13.073051550373888
2019-12-01,item_12,13.073051550373888
2020-01-01,item_12,13.073051550373888
2020-02-01,item_12,13.073051550373888
2020-03-01,item_12,13.073051550373888
2020-04-01,item_12,13.073051550373888
2020-05-01,item_12,13.073051550373888
2020-06-01,item_12,13.073051550373888
2020-07-01,item_12,13.073051550373888
2020-08-01,item_12,13.073051550373888
2020-09-01,item_12,13.073051550373888
2020-10-01,item_12,13.073051550373888
2020-11-01,item_12,11.7657463953365
2020-12-01,item_12,11.7657463953365
2021-01-01,item_12,11.7657463953365
2021-02-01,item_12,11.7657463953365
2021-03-01,item_12,11.7657463953365
2021-04-01,item_12,11.7657463953365
2021-05-01,item_12,12.354033715103323
2021-06-01,item_12,12.354033715103323
2021-07-01,item_12,12.354033715103323
2021-08-01,item_12,12.354033715103323
2021-09-01,item_12,12.354033715103323
2021-10-01,item_12,12.354033715103323
2021-11-01,item_12,11.73633202934816
2021-12-01,item_12,11.73633202934816
2022-01-01,item_12,11.73633202934816
2022-02-01,item_12,11.73633202934816
2022-03-01,item_12,11.73633202934816
2022-04-01,item_12,11.73633202934816
2022-05-01,item_12,12.909965232282977
2022-06-01,item_12,12.909965232282977
2022-07-01,item_12,12.909965232282977
2022-08-01,item_12,12.909965232282977
2022-09-01,item_12,12.909965232282977
2022-10-01,item_12,12.909965232282977
2022-11-01,item_12,12.909965232282977
2022-12-01,item_12,12.909965232282977
2023-01-01,item_12,12.909965232282977
2023-02-01,item_12,12.909965232282977
2023-03-01,item_12,12.909965232282977
2023-04-01,item_12,12.909965232282977
2023-05-01,item_12,11.618968709054675
2023-06-01,item_12,11.618968709054675
2023-07-01,item_12,11.618968709054675
2023-08-01,item_12,11.618968709054675
2023-09-01,item_12,11.618968709054675
2023-10-01,item_12,11.618968709054675
2023-11-01,item_12,11.038020273601942
2023-12-01,item_12,11.038020273601942
2019-10-01,item_13,12.82873414113124
2019-11-01,item_13,12.82873414113124
2019-12-01,item_13,12.82873414113124
2020-01-01,item_13,12.82873414113124
2020-02-01,item_13,12.82873414113124
2020-03-01,item_13,12.82873414113124
2020-04-01,item_13,12.82873414113124
2020-05-01,item_13,12.187297434074678
2020-06-01,item_13,12.187297434074678
2020-07-01,item_13,12.187297434074678
2020-08-01,item_13,12.187297434074678
2020-09-01,item_13,12.187297434074678
2020-10-01,item_13,12.187297434074678
2020-11-01,item_13,13.406027177482146
2020-12-01,item_13,13.406027177482146
2021-01-01,item_13,13.406027177482146
2021-02-01,item_13,13.406027177482146
2021-03-01,item_13,13.406027177482146
2021-04-01,item_13,13.406027177482146
2021-05-01,item_13,14.076328536356254
2021-06-01,item_13,14.076328536356254
2021-07-01,item_13,14.076328536356254
2021-08-01,item_13,14.076328536356254
2021-09-01,item_13,14.076328536356254
2021-10-01,item_13,14.076328536356254
2021-11-01,item_13,13.37251210953844
2021-12-01,item_13,13.37251210953844
2022-01-01,item_13,13.37251210953844
2022-02-01,item_13,13.37251210953844
2022-03-01,item_13,13.37251210953844
2022-04-01,item_13,13.37251210953844
2022-05-01,item_13,12.70388650406152
2022-06-01,item_13,12.70388650406152
2022-07-01,item_13,12.70388650406152
2022-08-01,item_13,12.70388650406152
2022-09-01,item_13,12.70388650406152
2022-10-01,item_13,12.70388650406152
2022-11-01,item_13,12.70388650406152
2022-12-01,item_13,12.70388650406152
2023-01-01,item_13,12.70388650406152
2023-02-01,item_13,12.70388650406152
2023-03-01,item_13,12.70388650406152
2023-04-01,item_13,12.70388650406152
2023-05-01,item_13,12.70388650406152
2023-06-01,item_13,12.70388650406152
2023-07-01,item_13,12.70388650406152
2023-08-01,item_13,12.70388650406152
2023-09-01,item_13,12.70388650406152
2023-10-01,item_13,12.70388650406152
2023-11-01,item_13,13.974275154467673
2023-12-01,item_13,13.974275154467673
2019-10-01,item_14,14.02119360062751
2019-11-01,item_14,15.423312960690264
2019-12-01,item_14,15.423312960690264
2020-01-01,item_14,15.423312960690264
2020-02-01,item_14,15.423312960690264
2020-03-01,item_14,15.423312960690264
2020-04-01,item_14,15.423312960690264
2020-05-01,item_14,13.880981664621237
2020-06-01,item_14,13.880981664621237
2020-07-01,item_14,13.880981664621237
2020-08-01,item_14,13.880981664621237
2020-09-01,item_14,13.880981664621237
2020-10-01,item_14,13.880981664621237
2020-11-01,item_14,13.186932581390174
2020-12-01,item_14,13.186932581390174
2021-01-01,item_14,13.186932581390174
2021-02-01,item_14,13.186932581390174
2021-03-01,item_14,13.186932581390174
2021-04-01,item_14,13.186932581390174
2021-05-01,item_14,11.868239323251156
2021-06-01,item_14,11.868239323251156
2021-07-01,item_14,11.868239323251156
2021-08-01,item_14,11.868239323251156
2021-09-01,item_14,11.868239323251156
2021-10-01,item_14,11.868239323251156
2021-11-01,item_14,12.461651289413714
2021-12-01,item_14,12.461651289413714
2022-01-01,item_14,12.461651289413714
2022-02-01,item_14,12.461651289413714
2022-03-01,item_14,12.461651289413714
2022-04-01,item_14,12.461651289413714
2022-05-01,item_14,13.0847338538844
2022-06-01,item_14,13.0847338538844
2022-07-01,item_14,13.0847338538844
2022-08-01,item_14,13.0847338538844
2022-09-01,item_14,13.0847338538844
2022-10-01,item_14,13.0847338538844
2022-11-01,item_14,14.39320723927284
2022-12-01,item_14,14.39320723927284
2023-01-01,item_14,14.39320723927284
2023-02-01,item_14,14.39320723927284
2023-03-01,item_14,14.39320723927284
2023-04-01,item_14,14.39320723927284
2023-05-01,item_14,13.673546877309198
2023-06-01,item_14,13.673546877309198
2023-07-01,item_14,13.673546877309198
2023-08-01,item_14,13.673546877309198
2023-09-01,item_14,13.673546877309198
2023-10-01,item_14,13.673546877309198
2023-11-01,item_14,14.357224221174658
2023-12-01,item_14,14.357224221174658
2019-10-01,item_15,13.53805208524551
2019-11-01,item_15,12.861149480983237
2019-12-01,item_15,12.861149480983237
2020-01-01,item_15,12.861149480983237
2020-02-01,item_15,12.861149480983237
2020-03-01,item_15,12.861149480983237
2020-04-01,item_15,12.861149480983237
2020-05-01,item_15,12.861149480983237
2020-06-01,item_15,12.861149480983237
2020-07-01,item_15,12.861149480983237
2020-08-01,item_15,12.861149480983237
2020-09-01,item_15,12.861149480983237
2020-10-01,item_15,12.861149480983237
2020-11-01,item_15,12.861149480983237
2020-12-01,item_15,12.861149480983237
2021-01-01,item_15,12.861149480983237
2021-02-01,item_15,12.861149480983237
2021-03-01,item_15,12.861149480983237
2021-04-01,item_15,12.861149480983237
2021-05-01,item_15,14.14726442908156
2021-06-01,item_15,14.14726442908156
2021-07-01,item_15,14.14726442908156
2021-08-01,item_15,14.14726442908156
2021-09-01,item_15,14.14726442908156
2021-10-01,item_15,14.14726442908156
2021-11-01,item_15,15.561990871989718
2021-12-01,item_15,15.561990871989718
2022-01-01,item_15,15.561990871989718
2022-02-01,item_15,15.561990871989718
2022-03-01,item_15,15.561990871989718
2022-04-01,item_15,15.561990871989718
2022-05-01,item_15,17.11818995918869
2022-06-01,item_15,17.11818995918869
2022-07-01,item_15,17.11818995918869
2022-08-01,item_15,17.11818995918869
2022-09-01,item_15,17.11818995918869
2022-10-01,item_15,17.11818995918869
2022-11-01,item_15,17.11818995918869
2022-12-01,item_15,17.11818995918869
2023-01-01,item_15,17.11818995918869
2023-02-01,item_15,17.11818995918869
2023-03-01,item_15,17.11818995918869
2023-04-01,item_15,17.11818995918869
2023-05-01,item_15,16.262280461229256
2023-06-01,item_15,16.262280461229256
2023-07-01,item_15,16.262280461229256
2023-08-01,item_15,16.262280461229256
2023-09-01,item_15,16.262280461229256
2023-10-01,item_15,16.262280461229256
2023-11-01,item_15,16.262280461229256
2023-12-01,item_15,16.262280461229256
2019-10-01,item_16,11.593768778367751
2019-11-01,item_16,12.17345721728614
2019-12-01,item_16,12.17345721728614
2020-01-01,item_16,12.17345721728614
2020-02-01,item_16,12.17345721728614
2020-03-01,item_16,12.17345721728614
2020-04-01,item_16,12.17345721728614
2020-05-01,item_16,10.956111495557526
2020-06-01,item_16,10.956111495557526
2020-07-01,item_16,10.956111495557526
2020-08-01,item_16,10.956111495557526
2020-09-01,item_16,10.956111495557526
2020-10-01,item_16,10.956111495557526
2020-11-01,item_16,10.956111495557526
2020-12-01,item_16,10.956111495557526
2021-01-01,item_16,10.956111495557526
2021-02-01,item_16,10.956111495557526
2021-03-01,item_16,10.956111495557526
2021-04-01,item_16,10.956111495557526
2021-05-01,item_16,10.956111495557526
2021-06-01,item_16,10.956111495557526
2021-07-01,item_16,10.956111495557526
2021-08-01,item_16,10.956111495557526
2021-09-01,item_16,10.956111495557526
2021-10-01,item_16,10.956111495557526
2021-11-01,item_16,10.408305920779648
2021-12-01,item_16,10.408305920779648
2022-01-01,item_16,10.408305920779648
2022-02-01,item_16,10.408305920779648
2022-03-01,item_16,10.408305920779648
2022-04-01,item_16,10.408305920779648
2022-05-01,item_16,11.449136512857612
2022-06-01,item_16,11.449136512857612
2022-07-01,item_16,11.449136512857612
2022-08-01,item_16,11.449136512857612
2022-09-01,item_16,11.449136512857612
2022-10-01,item_16,11.449136512857612
2022-11-01,item_16,12.594050164143376
2022-12-01,item_16,12.594050164143376
2023-01-01,item_16,12.594050164143376
2023-02-01,item_16,12.594050164143376
2023-03-01,item_16,12.594050164143376
2023-04-01,item_16,12.594050164143376
2023-05-01,item_16,11.964347655936209
2023-06-01,item_16,11.964347655936209
2023-07-01,item_16,11.964347655936209
2023-08-01,item_16,11.964347655936209
2023-09-01,item_16,11.964347655936209
2023-10-01,item_16,11.964347655936209
2023-11-01,item_16,12.562565038733018
2023-12-01,item_16,12.562565038733018
2019-10-01,item_17,13.418939726688972
2019-11-01,item_17,14.760833699357873
2019-12-01,item_17,14.760833699357873
2020-01-01,item_17,14.760833699357873
2020-02-01,item_17,14.760833699357873
2020-03-01,item_17,14.760833699357873
2020-04-01,item_17,14.760833699357873
2020-05-01,item_17,16.23691706929366
2020-06-01,item_17,16.23691706929366
2020-07-01,item_17,16.23691706929366
2020-08-01,item_17,16.23691706929366
2020-09-01,item_17,16.23691706929366
2020-10-01,item_17,16.23691706929366
2020-11-01,item_17,16.23691706929366
2020-12-01,item_17,16.23691706929366
2021-01-01,item_17,16.23691706929366
2021-02-01,item_17,16.23691706929366
2021-03-01,item_17,16.23691706929366
2021-04-01,item_17,16.23691706929366
2021-05-01,item_17,17.048762922758346
2021-06-01,item_17,17.048762922758346
2021-07-01,item_17,17.048762922758346
2021-08-01,item_17,17.048762922758346
2021-09-01,item_17,17.048762922758346
2021-10-01,item_17,17.048762922758346
2021-11-01,item_17,15.343886630482512
2021-12-01,item_17,15.343886630482512
2022-01-01,item_17,15.343886630482512
2022-02-01,item_17,15.343886630482512
2022-03-01,item_17,15.343886630482512
2022-04-01,item_17,15.343886630482512
2022-05-01,item_17,14.576692298958386
2022-06-01,item_17,14.576692298958386
2022-07-01,item_17,14.576692298958386
2022-08-01,item_17,14.576692298958386
2022-09-01,item_17,14.576692298958386
2022-10-01,item_17,14.576692298958386
2022-11-01,item_17,13.119023069062548
2022-12-01,item_17,13.119023069062548
2023-01-01,item_17,13.119023069062548
2023-02-01,item_17,13.119023069062548
2023-03-01,item_17,13.119023069062548
2023-04-01,item_17,13.119023069062548
2023-05-01,item_17,14.430925375968805
2023-06-01,item_17,14.430925375968805
2023-07-01,item_17,14.430925375968805
2023-08-01,item_17,14.430925375968805
2023-09-01,item_17,14.430925375968805
2023-10-01,item_17,14.430925375968805
2023-11-01,item_17,14.430925375968805
2023-12-01,item_17,14.430925375968805
2019-10-01,item_18,9.988568258655686
2019-11-01,item_18,10.987425084521256
2019-12-01,item_18,10.987425084521256
2020-01-01,item_18,10.987425084521256
2020-02-01,item_18,10.987425084521256
2020-03-01,item_18,10.987425084521256
2020-04-01,item_18,10.987425084521256
2020-05-01,item_18,11.53679633874732
2020-06-01,item_18,11.53679633874732
2020-07-01,item_18,11.53679633874732
2020-08-01,item_18,11.53679633874732
2020-09-01,item_18,11.53679633874732
2020-10-01,item_18,11.53679633874732
2020-11-01,item_18,11.53679633874732
2020-12-01,item_18,11.53679633874732
2021-01-01,item_18,11.53679633874732
2021-02-01,item_18,11.53679633874732
2021-03-01,item_18,11.53679633874732
2021-04-01,item_18,11.53679633874732
2021-05-01,item_18,10.383116704872588
2021-06-01,item_18,10.383116704872588
2021-07-01,item_18,10.383116704872588
2021-08-01,item_18,10.383116704872588
2021-09-01,item_18,10.383116704872588
2021-10-01,item_18,10.383116704872588
2021-11-01,item_18,10.383116704872588
2021-12-01,item_18,10.383116704872588
2022-01-01,item_18,10.383116704872588
2022-02-01,item_18,10.383116704872588
2022-03-01,item_18,10.383116704872588
2022-04-01,item_18,10.383116704872588
2022-05-01,item_18,9.863960869628958
2022-06-01,item_18,9.863960869628958
2022-07-01,item_18,9.863960869628958
2022-08-01,item_18,9.863960869628958
2022-09-01,item_18,9.863960869628958
2022-10-01,item_18,9.863960869628958
2022-11-01,item_18,10.357158913110409
2022-12-01,item_18,10.357158913110409
2023-01-01,item_18,10.357158913110409
2023-02-01,item_18,10.357158913110409
2023-03-01,item_18,10.357158913110409
2023-04-01,item_18,10.357158913110409
2023-05-01,item_18,11.39287480442145
2023-06-01,item_18,11.39287480442145
2023-07-01,item_18,11.39287480442145
2023-08-01,item_18,11.39287480442145
2023-09-01,item_18,11.39287480442145
2023-10-01,item_18,11.39287480442145
2023-11-01,item_18,12.532162284863595
2023-12-01,item_18,12.532162284863595
2019-10-01,item_19,17.40343924400714
2019-11-01,item_19,16.53326728180678
2019-12-01,item_19,16.53326728180678
2020-01-01,item_19,16.53326728180678
2020-02-01,item_19,16.53326728180678
2020-03-01,item_19,16.53326728180678
2020-04-01,item_19,16.53326728180678
2020-05-01,item_19,16.53326728180678
2020-06-01,item_19,16.53326728180678
2020-07-01,item_19,16.53326728180678
2020-08-01,item_19,16.53326728180678
2020-09-01,item_19,16.53326728180678
2020-10-01,item_19,16.53326728180678
2020-11-01,item_19,16.53326728180678
2020-12-01,item_19,16.53326728180678
2021-01-01,item_19,16.53326728180678
2021-02-01,item_19,16.53326728180678
2021-03-01,item_19,16.53326728180678
2021-04-01,item_19,16.53326728180678
2021-05-01,item_19,17.35993064589712
2021-06-01,item_19,17.35993064589712
2021-07-01,item_19,17.35993064589712
2021-08-01,item_19,17.35993064589712
2021-09-01,item_19,17.35993064589712
2021-10-01,item_19,17.35993064589712
2021-11-01,item_19,17.35993064589712
2021-12-01,item_19,17.35993064589712
2022-01-01,item_19,17.35993064589712
2022-02-01,item_19,17.35993064589712
2022-03-01,item_19,17.35993064589712
2022-04-01,item_19,17.35993064589712
2022-05-01,item_19,18.227927178191976
2022-06-01,item_19,18.227927178191976
2022-07-01,item_19,18.227927178191976
2022-08-01,item_19,18.227927178191976
2022-09-01,item_19,18.227927178191976
2022-10-01,item_19,18.227927178191976
2022-11-01,item_19,17.316530819282377
2022-12-01,item_19,17.316530819282377
2023-01-01,item_19,17.316530819282377
2023-02-01,item_19,17.316530819282377
2023-03-01,item_19,17.316530819282377
2023-04-01,item_19,17.316530819282377
2023-05-01,item_19,16.45070427831826
2023-06-01,item_19,16.45070427831826
2023-07-01,item_19,16.45070427831826
2023-08-01,item_19,16.45070427831826
2023-09-01,item_19,16.45070427831826
2023-10-01,item_19,16.45070427831826
2023-11-01,item_19,14.805633850486434
2023-12-01,item_19,14.805633850486434
2019-10-01,item_20,12.750286130299568
2019-11-01,item_20,11.475257517269611
2019-12-01,item_20,11.475257517269611
2020-01-01,item_20,11.475257517269611
2020-02-01,item_20,11.475257517269611
2020-03-01,item_20,11.475257517269611
2020-04-01,item_20,11.475257517269611
2020-05-01,item_20,12.622783268996573
2020-06-01,item_20,12.622783268996573
2020-07-01,item_20,12.622783268996573
2020-08-01,item_20,12.622783268996573
2020-09-01,item_20,12.622783268996573
2020-10-01,item_20,12.622783268996573
2020-11-01,item_20,11.360504942096917
2020-12-01,item_20,11.360504942096917
2021-01-01,item_20,11.360504942096917
2021-02-01,item_20,11.360504942096917
2021-03-01,item_20,11.360504942096917
2021-04-01,item_20,11.360504942096917
2021-05-01,item_20,12.496555436306608
2021-06-01,item_20,12.496555436306608
2021-07-01,item_20,12.496555436306608
2021-08-01,item_20,12.496555436306608
2021-09-01,item_20,12.496555436306608
2021-10-01,item_20,12.496555436306608
2021-11-01,item_20,13.746210979937269
2021-12-01,item_20,13.746210979937269
2022-01-01,item_20,13.746210979937269
2022-02-01,item_20,13.746210979937269
2022-03-01,item_20,13.746210979937269
2022-04-01,item_20,13.746210979937269
2022-05-01,item_20,15.120832077930997
2022-06-01,item_20,15.120832077930997
2022-07-01,item_20,15.120832077930997
2022-08-01,item_20,15.120832077930997
2022-09-01,item_20,15.120832077930997
2022-10-01,item_20,15.120832077930997
2022-11-01,item_20,15.876873681827549
2022-12-01,item_20,15.876873681827549
2023-01-01,item_20,15.876873681827549
2023-02-01,item_20,15.876873681827549
2023-03-01,item_20,15.876873681827549
2023-04-01,item_20,15.876873681827549
2023-05-01,item_20,16.670717365918925
2023-06-01,item_20,16.670717365918925
2023-07-01,item_20,16.670717365918925
2023-08-01,item_20,16.670717365918925
2023-09-01,item_20,16.670717365918925
2023-10-01,item_20,16.670717365918925
2023-11-01,item_20,17.504253234214872
2023-12-01,item_20,17.504253234214872
2019-10-01,item_21,13.256558037852496
2019-11-01,item_21,13.91938593974512
2019-12-01,item_21,13.91938593974512
2020-01-01,item_21,13.91938593974512
2020-02-01,item_21,13.91938593974512
2020-03-01,item_21,13.91938593974512
2020-04-01,item_21,13.91938593974512
2020-05-01,item_21,13.223416642757863
2020-06-01,item_21,13.223416642757863
2020-07-01,item_21,13.223416642757863
2020-08-01,item_21,13.223416642757863
2020-09-01,item_21,13.223416642757863
2020-10-01,item_21,13.223416642757863
2020-11-01,item_21,13.223416642757863
2020-12-01,item_21,13.223416642757863
2021-01-01,item_21,13.223416642757863
2021-02-01,item_21,13.223416642757863
2021-03-01,item_21,13.223416642757863
2021-04-01,item_21,13.223416642757863
2021-05-01,item_21,13.223416642757863
2021-06-01,item_21,13.223416642757863
2021-07-01,item_21,13.223416642757863
2021-08-01,item_21,13.223416642757863
2021-09-01,item_21,13.223416642757863
2021-10-01,item_21,13.223416642757863
2021-11-01,item_21,13.884587474895758
2021-12-01,item_21,13.884587474895758
2022-01-01,item_21,13.884587474895758
2022-02-01,item_21,13.884587474895758
2022-03-01,item_21,13.884587474895758
2022-04-01,item_21,13.884587474895758
2022-05-01,item_21,15.273046222385336
2022-06-01,item_21,15.273046222385336
2022-07-01,item_21,15.273046222385336
2022-08-01,item_21,15.273046222385336
2022-09-01,item_21,15.273046222385336
2022-10-01,item_21,15.273046222385336
2022-11-01,item_21,14.509393911266068
2022-12-01,item_21,14.509393911266068
2023-01-01,item_21,14.509393911266068
2023-02-01,item_21,14.509393911266068
2023-03-01,item_21,14.509393911266068
2023-04-01,item_21,14.509393911266068
2023-05-01,item_21,14.509393911266068
2023-06-01,item_21,14.509393911266068
2023-07-01,item_21,14.509393911266068
2023-08-01,item_21,14.509393911266068
2023-09-01,item_21,14.509393911266068
2023-10-01,item_21,14.509393911266068
2023-11-01,item_21,13.058454520139462
2023-12-01,item_21,13.058454520139462
2019-10-01,item_22,12.724544735810651
2019-11-01,item_22,11.452090262229587
2019-12-01,item_22,11.452090262229587
2020-01-01,item_22,11.452090262229587
2020-02-01,item_22,11.452090262229587
2020-03-01,item_22,11.452090262229587
2020-04-01,item_22,11.452090262229587
2020-05-01,item_22,12.024694775341068
2020-06-01,item_22,12.024694775341068
2020-07-01,item_22,12.024694775341068
2020-08-01,item_22,12.024694775341068
2020-09-01,item_22,12.024694775341068
2020-10-01,item_22,12.024694775341068
2020-11-01,item_22,13.227164252875175
2020-12-01,item_22,13.227164252875175
2021-01-01,item_22,13.227164252875175
2021-02-01,item_22,13.227164252875175
2021-03-01,item_22,13.227164252875175
2021-04-01,item_22,13.227164252875175
2021-05-01,item_22,11.904447827587658
2021-06-01,item_22,11.904447827587658
2021-07-01,item_22,11.904447827587658
2021-08-01,item_22,11.904447827587658
2021-09-01,item_22,11.904447827587658
2021-10-01,item_22,11.904447827587658
2021-11-01,item_22,12.499670218967042
2021-12-01,item_22,12.499670218967042
2022-01-01,item_22,12.499670218967042
2022-02-01,item_22,12.499670218967042
2022-03-01,item_22,12.499670218967042
2022-04-01,item_22,12.499670218967042
2022-05-01,item_22,11.87468670801869
2022-06-01,item_22,11.87468670801869
2022-07-01,item_22,11.87468670801869
2022-08-01,item_22,11.87468670801869
2022-09-01,item_22,11.87468670801869
2022-10-01,item_22,11.87468670801869
2022-11-01,item_22,10.68721803721682
2022-12-01,item_22,10.68721803721682
2023-01-01,item_22,10.68721803721682
2023-02-01,item_22,10.68721803721682
2023-03-01,item_22,10.68721803721682
2023-04-01,item_22,10.68721803721682
2023-05-01,item_22,10.15285713535598
2023-06-01,item_22,10.15285713535598
2023-07-01,item_22,10.15285713535598
2023-08-01,item_22,10.15285713535598
2023-09-01,item_22,10.15285713535598
2023-10-01,item_22,10.15285713535598
2023-11-01,item_22,9.137571421820384
2023-12-01,item_22,9.137571421820384
2019-10-01,item_23,13.437132315883751
2019-11-01,item_23,14.780845547472127
2019-12-01,item_23,14.780845547472127
2020-01-01,item_23,14.780845547472127
2020-02-01,item_23,14.780845547472127
2020-03-01,item_23,14.780845547472127
2020-04-01,item_23,14.780845547472127
2020-05-01,item_23,15.519887824845734
2020-06-01,item_23,15.519887824845734
2020-07-01,item_23,15.519887824845734
2020-08-01,item_23,15.519887824845734
2020-09-01,item_23,15.519887824845734
2020-10-01,item_23,15.519887824845734
2020-11-01,item_23,16.29588221608802
2020-12-01,item_23,16.29588221608802
2021-01-01,item_23,16.29588221608802
2021-02-01,item_23,16.29588221608802
2021-03-01,item_23,16.29588221608802
2021-04-01,item_23,16.29588221608802
2021-05-01,item_23,17.110676326892424
2021-06-01,item_23,17.110676326892424
2021-07-01,item_23,17.110676326892424
2021-08-01,item_23,17.110676326892424
2021-09-01,item_23,17.110676326892424
2021-10-01,item_23,17.110676326892424
2021-11-01,item_23,15.399608694203184
2021-12-01,item_23,15.399608694203184
2022-01-01,item_23,15.399608694203184
2022-02-01,item_23,15.399608694203184
2022-03-01,item_23,15.399608694203184
2022-04-01,item_23,15.399608694203184
2022-05-01,item_23,15.399608694203184
2022-06-01,item_23,15.399608694203184
2022-07-01,item_23,15.399608694203184
2022-08-01,item_23,15.399608694203184
2022-09-01,item_23,15.399608694203184
2022-10-01,item_23,15.399608694203184
2022-11-01,item_23,14.629628259493025
2022-12-01,item_23,14.629628259493025
2023-01-01,item_23,14.629628259493025
2023-02-01,item_23,14.629628259493025
2023-03-01,item_23,14.629628259493025
2023-04-01,item_23,14.629628259493025
2023-05-01,item_23,14.629628259493025
2023-06-01,item_23,14.629628259493025
2023-07-01,item_23,14.629628259493025
2023-08-01,item_23,14.629628259493025
2023-09-01,item_23,14.629628259493025
2023-10-01,item_23,14.629628259493025
2023-11-01,item_23,16.092591085442326
2023-12-01,item_23,16.092591085442326
2019-10-01,item_24,9.91502175388834
2019-11-01,item_24,9.419270666193924
2019-12-01,item_24,9.419270666193924
2020-01-01,item_24,9.419270666193924
2020-02-01,item_24,9.419270666193924
2020-03-01,item_24,9.419270666193924
2020-04-01,item_24,9.419270666193924
2020-05-01,item_24,9.419270666193924
2020-06-01,item_24,9.419270666193924
2020-07-01,item_24,9.419270666193924
2020-08-01,item_24,9.419270666193924
2020-09-01,item_24,9.419270666193924
2020-10-01,item_24,9.419270666193924
2020-11-01,item_24,9.419270666193924
2020-12-01,item_24,9.419270666193924
2021-01-01,item_24,9.419270666193924
2021-02-01,item_24,9.419270666193924
2021-03-01,item_24,9.419270666193924
2021-04-01,item_24,9.419270666193924
2021-05-01,item_24,9.419270666193924
2021-06-01,item_24,9.419270666193924
2021-07-01,item_24,9.419270666193924
2021-08-01,item_24,9.419270666193924
2021-09-01,item_24,9.419270666193924
2021-10-01,item_24,9.419270666193924
2021-11-01,item_24,8.477343599574532
2021-12-01,item_24,8.477343599574532
2022-01-01,item_24,8.477343599574532
2022-02-01,item_24,8.477343599574532
2022-03-01,item_24,8.477343599574532
2022-04-01,item_24,8.477343599574532
2022-05-01,item_24,9.325077959531985
2022-06-01,item_24,9.325077959531985
2022-07-01,item_24,9.325077959531985
2022-08-01,item_24,9.325077959531985
2022-09-01,item_24,9.325077959531985
2022-10-01,item_24,9.325077959531985
2022-11-01,item_24,8.392570163578787
2022-12-01,item_24,8.392570163578787
2023-01-01,item_24,8.392570163578787
2023-02-01,item_24,8.392570163578787
2023-03-01,item_24,8.392570163578787
2023-04-01,item_24,8.392570163578787
2023-05-01,item_24,7.5533131472209085
2023-06-01,item_24,7.5533131472209085
2023-07-01,item_24,7.5533131472209085
2023-08-01,item_24,7.5533131472209085
2023-09-01,item_24,7.5533131472209085
2023-10-01,item_24,7.5533131472209085
2023-11-01,item_24,7.5533131472209085
2023-12-01,item_24,7.5533131472209085
2019-10-01,item_25,8.180890016749757
2019-11-01,item_25,8.998979018424734
2019-12-01,item_25,8.998979018424734
2020-01-01,item_25,8.998979018424734
2020-02-01,item_25,8.998979018424734
2020-03-01,item_25,8.998979018424734
2020-04-01,item_25,8.998979018424734
2020-05-01,item_25,8.998979018424734
2020-06-01,item_25,8.998979018424734
2020-07-01,item_25,8.998979018424734
2020-08-01,item_25,8.998979018424734
2020-09-01,item_25,8.998979018424734
2020-10-01,item_25,8.998979018424734
2020-11-01,item_25,9.448927969345972
2020-12-01,item_25,9.448927969345972
2021-01-01,item_25,9.448927969345972
2021-02-01,item_25,9.448927969345972
2021-03-01,item_25,9.448927969345972
2021-04-01,item_25,9.448927969345972
2021-05-01,item_25,8.504035172411374
2021-06-01,item_25,8.504035172411374
2021-07-01,item_25,8.504035172411374
2021-08-01,item_25,8.504035172411374
2021-09-01,item_25,8.504035172411374
2021-10-01,item_25,8.504035172411374
2021-11-01,item_25,8.929236931031943
2021-12-01,item_25,8.929236931031943
2022-01-01,item_25,8.929236931031943
2022-02-01,item_25,8.929236931031943
2022-03-01,item_25,8.929236931031943
2022-04-01,item_25,8.929236931031943
2022-05-01,item_25,9.37569877758354
2022-06-01,item_25,9.37569877758354
2022-07-01,item_25,9.37569877758354
2022-08-01,item_25,9.37569877758354
2022-09-01,item_25,9.37569877758354
2022-10-01,item_25,9.37569877758354
2022-11-01,item_25,10.313268655341895
2022-12-01,item_25,10.313268655341895
2023-01-01,item_25,10.313268655341895
2023-02-01,item_25,10.313268655341895
2023-03-01,item_25,10.313268655341895
2023-04-01,item_25,10.313268655341895
2023-05-01,item_25,10.313268655341895
2023-06-01,item_25,10.313268655341895
2023-07-01,item_25,10.313268655341895
2023-08-01,item_25,10.313268655341895
2023-09-01,item_25,10.313268655341895
2023-10-01,item_25,10.313268655341895
2023-11-01,item_25,11.344595520876084
2023-12-01,item_25,11.344595520876084
2019-10-01,item_26,15.058577625971749
2019-11-01,item_26,16.564435388568924
2019-12-01,item_26,16.564435388568924
2020-01-01,item_26,16.564435388568924
2020-02-01,item_26,16.564435388568924
2020-03-01,item_26,16.564435388568924
2020-04-01,item_26,16.564435388568924
2020-05-01,item_26,14.907991849712031
2020-06-01,item_26,14.907991849712031
2020-07-01,item_26,14.907991849712031
2020-08-01,item_26,14.907991849712031
2020-09-01,item_26,14.907991849712031
2020-10-01,item_26,14.907991849712031
2020-11-01,item_26,14.907991849712031
2020-12-01,item_26,14.907991849712031
2021-01-01,item_26,14.907991849712031
2021-02-01,item_26,14.907991849712031
2021-03-01,item_26,14.907991849712031
2021-04-01,item_26,14.907991849712031
2021-05-01,item_26,15.653391442197634
2021-06-01,item_26,15.653391442197634
2021-07-01,item_26,15.653391442197634
2021-08-01,item_26,15.653391442197634
2021-09-01,item_26,15.653391442197634
2021-10-01,item_26,15.653391442197634
2021-11-01,item_26,15.653391442197634
2021-12-01,item_26,15.653391442197634
2022-01-01,item_26,15.653391442197634
2022-02-01,item_26,15.653391442197634
2022-03-01,item_26,15.653391442197634
2022-04-01,item_26,15.653391442197634
2022-05-01,item_26,14.870721870087753
2022-06-01,item_26,14.870721870087753
2022-07-01,item_26,14.870721870087753
2022-08-01,item_26,14.870721870087753
2022-09-01,item_26,14.870721870087753
2022-10-01,item_26,14.870721870087753
2022-11-01,item_26,14.127185776583364
2022-12-01,item_26,14.127185776583364
2023-01-01,item_26,14.127185776583364
2023-02-01,item_26,14.127185776583364
2023-03-01,item_26,14.127185776583364
2023-04-01,item_26,14.127185776583364
2023-05-01,item_26,13.420826487754194
2023-06-01,item_26,13.420826487754194
2023-07-01,item_26,13.420826487754194
2023-08-01,item_26,13.420826487754194
2023-09-01,item_26,13.420826487754194
2023-10-01,item_26,13.420826487754194
2023-11-01,item_26,14.762909136529617
2023-12-01,item_26,14.762909136529617
2019-10-01,item_27,13.18406327773491
2019-11-01,item_27,12.524860113848163
2019-12-01,item_27,12.524860113848163
2020-01-01,item_27,12.524860113848163
2020-02-01,item_27,12.524860113848163
2020-03-01,item_27,12.524860113848163
2020-04-01,item_27,12.524860113848163
2020-05-01,item_27,11.898617108155756
2020-06-01,item_27,11.898617108155756
2020-07-01,item_27,11.898617108155756
2020-08-01,item_27,11.898617108155756
2020-09-01,item_27,11.898617108155756
2020-10-01,item_27,11.898617108155756
2020-11-01,item_27,12.493547963563543
2020-12-01,item_27,12.493547963563543
2021-01-01,item_27,12.493547963563543
2021-02-01,item_27,12.493547963563543
2021-03-01,item_27,12.493547963563543
2021-04-01,item_27,12.493547963563543
2021-05-01,item_27,11.868870565385366
2021-06-01,item_27,11.868870565385366
2021-07-01,item_27,11.868870565385366
2021-08-01,item_27,11.868870565385366
2021-09-01,item_27,11.868870565385366
2021-10-01,item_27,11.868870565385366
2021-11-01,item_27,11.868870565385366
2021-12-01,item_27,11.868870565385366
2022-01-01,item_27,11.868870565385366
2022-02-01,item_27,11.868870565385366
2022-03-01,item_27,11.868870565385366
2022-04-01,item_27,11.868870565385366
2022-05-01,item_27,10.68198350884683
2022-06-01,item_27,10.68198350884683
2022-07-01,item_27,10.68198350884683
2022-08-01,item_27,10.68198350884683
2022-09-01,item_27,10.68198350884683
2022-10-01,item_27,10.68198350884683
2022-11-01,item_27,11.216082684289171
2022-12-01,item_27,11.216082684289171
2023-01-01,item_27,11.216082684289171
2023-02-01,item_27,11.216082684289171
2023-03-01,item_27,11.216082684289171
2023-04-01,item_27,11.216082684289171
2023-05-01,item_27,12.337690952718091
2023-06-01,item_27,12.337690952718091
2023-07-01,item_27,12.337690952718091
2023-08-01,item_27,12.337690952718091
2023-09-01,item_27,12.337690952718091
2023-10-01,item_27,12.337690952718091
2023-11-01,item_27,13.571460047989902
2023-12-01,item_27,13.571460047989902
2019-10-01,item_28,11.814533962622225
2019-11-01,item_28,10.633080566360002
2019-12-01,item_28,10.633080566360002
2020-01-01,item_28,10.633080566360002
2020-02-01,item_28,10.633080566360002
2020-03-01,item_28,10.633080566360002
2020-04-01,item_28,10.633080566360002
2020-05-01,item_28,9.569772509724002
2020-06-01,item_28,9.569772509724002
2020-07-01,item_28,9.569772509724002
2020-08-01,item_28,9.569772509724002
2020-09-01,item_28,9.569772509724002
2020-10-01,item_28,9.569772509724002
2020-11-01,item_28,9.569772509724002
2020-12-01,item_28,9.569772509724002
2021-01-01,item_28,9.569772509724002
2021-02-01,item_28,9.569772509724002
2021-03-01,item_28,9.569772509724002
2021-04-01,item_28,9.569772509724002
2021-05-01,item_28,9.569772509724002
2021-06-01,item_28,9.569772509724002
2021-07-01,item_28,9.569772509724002
2021-08-01,item_28,9.569772509724002
2021-09-01,item_28,9.569772509724002
2021-10-01,item_28,9.569772509724002
2021-11-01,item_28,10.526749760696402
2021-12-01,item_28,10.526749760696402
2022-01-01,item_28,10.526749760696402
2022-02-01,item_28,10.526749760696402
2022-03-01,item_28,10.526749760696402
2022-04-01,item_28,10.526749760696402
2022-05-01,item_28,9.474074784626762
2022-06-01,item_28,9.474074784626762
2022-07-01,item_28,9.474074784626762
2022-08-01,item_28,9.474074784626762
2022-09-01,item_28,9.474074784626762
2022-10-01,item_28,9.474074784626762
2022-11-01,item_28,9.474074784626762
2022-12-01,item_28,9.474074784626762
2023-01-01,item_28,9.474074784626762
2023-02-01,item_28,9.474074784626762
2023-03-01,item_28,9.474074784626762
2023-04-01,item_28,9.474074784626762
2023-05-01,item_28,10.42148226308944
2023-06-01,item_28,10.42148226308944
2023-07-01,item_28,10.42148226308944
2023-08-01,item_28,10.42148226308944
2023-09-01,item_28,10.42148226308944
2023-10-01,item_28,10.42148226308944
2023-11-01,item_28,9.379334036780495
2023-12-01,item_28,9.379334036780495
2019-10-01,item_29,14.78746433260202
2019-11-01,item_29,13.308717899341818
2019-12-01,item_29,13.308717899341818
2020-01-01,item_29,13.308717899341818
2020-02-01,item_29,13.308717899341818
2020-03-01,item_29,13.308717899341818
2020-04-01,item_29,13.308717899341818
2020-05-01,item_29,11.977846109407636
2020-06-01,item_29,11.977846109407636
2020-07-01,item_29,11.977846109407636
2020-08-01,item_29,11.977846109407636
2020-09-01,item_29,11.977846109407636
2020-10-01,item_29,11.977846109407636
2020-11-01,item_29,12.57673841487802
2020-12-01,item_29,12.57673841487802
2021-01-01,item_29,12.57673841487802
2021-02-01,item_29,12.57673841487802
2021-03-01,item_29,12.57673841487802
2021-04-01,item_29,12.57673841487802
2021-05-01,item_29,11.947901494134117
2021-06-01,item_29,11.947901494134117
2021-07-01,item_29,11.947901494134117
2021-08-01,item_29,11.947901494134117
2021-09-01,item_29,11.947901494134117
2021-10-01,item_29,11.947901494134117
2021-11-01,item_29,10.753111344720706
2021-12-01,item_29,10.753111344720706
2022-01-01,item_29,10.753111344720706
2022-02-01,item_29,10.753111344720706
2022-03-01,item_29,10.753111344720706
2022-04-01,item_29,10.753111344720706
2022-05-01,item_29,10.753111344720706
2022-06-01,item_29,10.753111344720706
2022-07-01,item_29,10.753111344720706
2022-08-01,item_29,10.753111344720706
2022-09-01,item_29,10.753111344720706
2022-10-01,item_29,10.753111344720706
2022-11-01,item_29,11.828422479192778
2022-12-01,item_29,11.828422479192778
2023-01-01,item_29,11.828422479192778
2023-02-01,item_29,11.828422479192778
2023-03-01,item_29,11.828422479192778
2023-04-01,item_29,11.828422479192778
2023-05-01,item_29,12.419843603152415
2023-06-01,item_29,12.419843603152415
2023-07-01,item_29,12.419843603152415
2023-08-01,item_29,12.419843603152415
2023-09-01,item_29,12.419843603152415
2023-10-01,item_29,12.419843603152415
2023-11-01,item_29,12.419843603152415
2023-12-01,item_29,12.419843603152415
2019-10-01,item_30,13.334354572467156
2019-11-01,item_30,12.000919115220444
2019-12-01,item_30,12.000919115220444
2020-01-01,item_30,12.000919115220444
2020-02-01,item_30,12.000919115220444
2020-03-01,item_30,12.000919115220444
2020-04-01,item_30,12.000919115220444
2020-05-01,item_30,10.8008272036984
2020-06-01,item_30,10.8008272036984
2020-07-01,item_30,10.8008272036984
2020-08-01,item_30,10.8008272036984
2020-09-01,item_30,10.8008272036984
2020-10-01,item_30,10.8008272036984
2020-11-01,item_30,11.34086856388332
2020-12-01,item_30,11.34086856388332
2021-01-01,item_30,11.34086856388332
2021-02-01,item_30,11.34086856388332
2021-03-01,item_30,11.34086856388332
2021-04-01,item_30,11.34086856388332
2021-05-01,item_30,10.206781707494988
2021-06-01,item_30,10.206781707494988
2021-07-01,item_30,10.206781707494988
2021-08-01,item_30,10.206781707494988
2021-09-01,item_30,10.206781707494988
2021-10-01,item_30,10.206781707494988
2021-11-01,item_30,10.717120792869736
2021-12-01,item_30,10.717120792869736
2022-01-01,item_30,10.717120792869736
2022-02-01,item_30,10.717120792869736
2022-03-01,item_30,10.717120792869736
2022-04-01,item_30,10.717120792869736
2022-05-01,item_30,9.645408713582764
2022-06-01,item_30,9.645408713582764
2022-07-01,item_30,9.645408713582764
2022-08-01,item_30,9.645408713582764
2022-09-01,item_30,9.645408713582764
2022-10-01,item_30,9.645408713582764
2022-11-01,item_30,8.680867842224488
2022-12-01,item_30,8.680867842224488
2023-01-01,item_30,8.680867842224488
2023-02-01,item_30,8.680867842224488
2023-03-01,item_30,8.680867842224488
2023-04-01,item_30,8.680867842224488
2023-05-01,item_30,9.54895462644694
2023-06-01,item_30,9.54895462644694
2023-07-01,item_30,9.54895462644694
2023-08-01,item_30,9.54895462644694
2023-09-01,item_30,9.54895462644694
2023-10-01,item_30,9.54895462644694
2023-11-01,item_30,8.594059163802246
2023-12-01,item_30,8.594059163802246
2019-10-01,item_31,12.892925644585397
2019-11-01,item_31,14.182218209043937
2019-12-01,item_31,14.182218209043937
2020-01-01,item_31,14.182218209043937
2020-02-01,item_31,14.182218209043937
2020-03-01,item_31,14.182218209043937
2020-04-01,item_31,14.182218209043937
2020-05-01,item_31,14.182218209043937
2020-06-01,item_31,14.182218209043937
2020-07-01,item_31,14.182218209043937
2020-08-01,item_31,14.182218209043937
2020-09-01,item_31,14.182218209043937
2020-10-01,item_31,14.182218209043937
2020-11-01,item_31,15.60044002994833
2020-12-01,item_31,15.60044002994833
2021-01-01,item_31,15.60044002994833
2021-02-01,item_31,15.60044002994833
2021-03-01,item_31,15.60044002994833
2021-04-01,item_31,15.60044002994833
2021-05-01,item_31,14.820418028450913
2021-06-01,item_31,14.820418028450913
2021-07-01,item_31,14.820418028450913
2021-08-01,item_31,14.820418028450913
2021-09-01,item_31,14.820418028450913
2021-10-01,item_31,14.820418028450913
2021-11-01,item_31,14.079397127028368
2021-12-01,item_31,14.079397127028368
2022-01-01,item_31,14.079397127028368
2022-02-01,item_31,14.079397127028368
2022-03-01,item_31,14.079397127028368
2022-04-01,item_31,14.079397127028368
2022-05-01,item_31,14.783366983379786
2022-06-01,item_31,14.783366983379786
2022-07-01,item_31,14.783366983379786
2022-08-01,item_31,14.783366983379786
2022-09-01,item_31,14.783366983379786
2022-10-01,item_31,14.783366983379786
2022-11-01,item_31,15.522535332548776
2022-12-01,item_31,15.522535332548776
2023-01-01,item_31,15.522535332548776
2023-02-01,item_31,15.522535332548776
2023-03-01,item_31,15.522535332548776
2023-04-01,item_31,15.522535332548776
2023-05-01,item_31,17.074788865803654
2023-06-01,item_31,17.074788865803654
2023-07-01,item_31,17.074788865803654
2023-08-01,item_31,17.074788865803654
2023-09-01,item_31,17.074788865803654
2023-10-01,item_31,17.074788865803654
2023-11-01,item_31,17.074788865803654
2023-12-01,item_31,17.074788865803654
2019-10-01,item_32,15.799695078837535
2019-11-01,item_32,15.799695078837535
2019-12-01,item_32,15.799695078837535
2020-01-01,item_32,15.799695078837535
2020-02-01,item_32,15.799695078837535
2020-03-01,item_32,15.799695078837535
2020-04-01,item_32,15.799695078837535
2020-05-01,item_32,16.589679832779414
2020-06-01,item_32,16.589679832779414
2020-07-01,item_32,16.589679832779414
2020-08-01,item_32,16.589679832779414
2020-09-01,item_32,16.589679832779414
2020-10-01,item_32,16.589679832779414
2020-11-01,item_32,17.419163824418384
2020-12-01,item_32,17.419163824418384
2021-01-01,item_32,17.419163824418384
2021-02-01,item_32,17.419163824418384
2021-03-01,item_32,17.419163824418384
2021-04-01,item_32,17.419163824418384
2021-05-01,item_32,16.548205633197462
2021-06-01,item_32,16.548205633197462
2021-07-01,item_32,16.548205633197462
2021-08-01,item_32,16.548205633197462
2021-09-01,item_32,16.548205633197462
2021-10-01,item_32,16.548205633197462
2021-11-01,item_32,17.375615914857335
2021-12-01,item_32,17.375615914857335
2022-01-01,item_32,17.375615914857335
2022-02-01,item_32,17.375615914857335
2022-03-01,item_32,17.375615914857335
2022-04-01,item_32,17.375615914857335
2022-05-01,item_32,16.506835119114466
2022-06-01,item_32,16.506835119114466
2022-07-01,item_32,16.506835119114466
2022-08-01,item_32,16.506835119114466
2022-09-01,item_32,16.506835119114466
2022-10-01,item_32,16.506835119114466
2022-11-01,item_32,18.15751863102592
2022-12-01,item_32,18.15751863102592
2023-01-01,item_32,18.15751863102592
2023-02-01,item_32,18.15751863102592
2023-03-01,item_32,18.15751863102592
2023-04-01,item_32,18.15751863102592
2023-05-01,item_32,16.341766767923325
2023-06-01,item_32,16.341766767923325
2023-07-01,item_32,16.341766767923325
2023-08-01,item_32,16.341766767923325
2023-09-01,item_32,16.341766767923325
2023-10-01,item_32,16.341766767923325
2023-11-01,item_32,15.524678429527158
2023-12-01,item_32,15.524678429527158
2019-10-01,item_33,8.064831118570776
2019-11-01,item_33,8.871314230427854
2019-12-01,item_33,8.871314230427854
2020-01-01,item_33,8.871314230427854
2020-02-01,item_33,8.871314230427854
2020-03-01,item_33,8.871314230427854
2020-04-01,item_33,8.871314230427854
2020-05-01,item_33,9.314879941949249
2020-06-01,item_33,9.314879941949249
2020-07-01,item_33,9.314879941949249
2020-08-01,item_33,9.314879941949249
2020-09-01,item_33,9.314879941949249
2020-10-01,item_33,9.314879941949249
2020-11-01,item_33,9.78062393904671
2020-12-01,item_33,9.78062393904671
2021-01-01,item_33,9.78062393904671
2021-02-01,item_33,9.78062393904671
2021-03-01,item_33,9.78062393904671
2021-04-01,item_33,9.78062393904671
2021-05-01,item_33,8.802561545142039
2021-06-01,item_33,8.802561545142039
2021-07-01,item_33,8.802561545142039
2021-08-01,item_33,8.802561545142039
2021-09-01,item_33,8.802561545142039
2021-10-01,item_33,8.802561545142039
2021-11-01,item_33,8.802561545142039
2021-12-01,item_33,8.802561545142039
2022-01-01,item_33,8.802561545142039
2022-02-01,item_33,8.802561545142039
2022-03-01,item_33,8.802561545142039
2022-04-01,item_33,8.802561545142039
2022-05-01,item_33,9.682817699656244
2022-06-01,item_33,9.682817699656244
2022-07-01,item_33,9.682817699656244
2022-08-01,item_33,9.682817699656244
2022-09-01,item_33,9.682817699656244
2022-10-01,item_33,9.682817699656244
2022-11-01,item_33,10.651099469621869
2022-12-01,item_33,10.651099469621869
2023-01-01,item_33,10.651099469621869
2023-02-01,item_33,10.651099469621869
2023-03-01,item_33,10.651099469621869
2023-04-01,item_33,10.651099469621869
2023-05-01,item_33,10.118544496140776
2023-06-01,item_33,10.118544496140776
2023-07-01,item_33,10.118544496140776
2023-08-01,item_33,10.118544496140776
2023-09-01,item_33,10.118544496140776
2023-10-01,item_33,10.118544496140776
2023-11-01,item_33,10.118544496140776
2023-12-01,item_33,10.118544496140776
2019-10-01,item_34,17.400178633154358
2019-11-01,item_34,19.140196496469795
2019-12-01,item_34,19.140196496469795
2020-01-01,item_34,19.140196496469795
2020-02-01,item_34,19.140196496469795
2020-03-01,item_34,19.140196496469795
2020-04-01,item_34,19.140196496469795
2020-05-01,item_34,20.097206321293285
2020-06-01,item_34,20.097206321293285
2020-07-01,item_34,20.097206321293285
2020-08-01,item_34,20.097206321293285
2020-09-01,item_34,20.097206321293285
2020-10-01,item_34,20.097206321293285
2020-11-01,item_34,22.10692695342261
2020-12-01,item_34,22.10692695342261
2021-01-01,item_34,22.10692695342261
2021-02-01,item_34,22.10692695342261
2021-03-01,item_34,22.10692695342261
2021-04-01,item_34,22.10692695342261
2021-05-01,item_34,19.896234258080355
2021-06-01,item_34,19.896234258080355
2021-07-01,item_34,19.896234258080355
2021-08-01,item_34,19.896234258080355
2021-09-01,item_34,19.896234258080355
2021-10-01,item_34,19.896234258080355
2021-11-01,item_34,17.90661083227232
2021-12-01,item_34,17.90661083227232
2022-01-01,item_34,17.90661083227232
2022-02-01,item_34,17.90661083227232
2022-03-01,item_34,17.90661083227232
2022-04-01,item_34,17.90661083227232
2022-05-01,item_34,16.11594974904509
2022-06-01,item_34,16.11594974904509
2022-07-01,item_34,16.11594974904509
2022-08-01,item_34,16.11594974904509
2022-09-01,item_34,16.11594974904509
2022-10-01,item_34,16.11594974904509
2022-11-01,item_34,16.11594974904509
2022-12-01,item_34,16.11594974904509
2023-01-01,item_34,16.11594974904509
2023-02-01,item_34,16.11594974904509
2023-03-01,item_34,16.11594974904509
2023-04-01,item_34,16.11594974904509
2023-05-01,item_34,17.7275447239496
2023-06-01,item_34,17.7275447239496
2023-07-01,item_34,17.7275447239496
2023-08-01,item_34,17.7275447239496
2023-09-01,item_34,17.7275447239496
2023-10-01,item_34,17.7275447239496
2023-11-01,item_34,19.50029919634456
2023-12-01,item_34,19.50029919634456
2019-10-01,item_35,10.62066176394364
2019-11-01,item_35,10.62066176394364
2019-12-01,item_35,10.62066176394364
2020-01-01,item_35,10.62066176394364
2020-02-01,item_35,10.62066176394364
2020-03-01,item_35,10.62066176394364
2020-04-01,item_35,10.62066176394364
2020-05-01,item_35,9.558595587549275
2020-06-01,item_35,9.558595587549275
2020-07-01,item_35,9.558595587549275
2020-08-01,item_35,9.558595587549275
2020-09-01,item_35,9.558595587549275
2020-10-01,item_35,9.558595587549275
2020-11-01,item_35,10.514455146304204
2020-12-01,item_35,10.514455146304204
2021-01-01,item_35,10.514455146304204
2021-02-01,item_35,10.514455146304204
2021-03-01,item_35,10.514455146304204
2021-04-01,item_35,10.514455146304204
2021-05-01,item_35,10.514455146304204
2021-06-01,item_35,10.514455146304204
2021-07-01,item_35,10.514455146304204
2021-08-01,item_35,10.514455146304204
2021-09-01,item_35,10.514455146304204
2021-10-01,item_35,10.514455146304204
2021-11-01,item_35,9.463009631673785
2021-12-01,item_35,9.463009631673785
2022-01-01,item_35,9.463009631673785
2022-02-01,item_35,9.463009631673785
2022-03-01,item_35,9.463009631673785
2022-04-01,item_35,9.463009631673785
2022-05-01,item_35,8.516708668506407
2022-06-01,item_35,8.516708668506407
2022-07-01,item_35,8.516708668506407
2022-08-01,item_35,8.516708668506407
2022-09-01,item_35,8.516708668506407
2022-10-01,item_35,8.516708668506407
2022-11-01,item_35,9.368379535357048
2022-12-01,item_35,9.368379535357048
2023-01-01,item_35,9.368379535357048
2023-02-01,item_35,9.368379535357048
2023-03-01,item_35,9.368379535357048
2023-04-01,item_35,9.368379535357048
2023-05-01,item_35,10.305217488892756
2023-06-01,item_35,10.305217488892756
2023-07-01,item_35,10.305217488892756
2023-08-01,item_35,10.305217488892756
2023-09-01,item_35,10.305217488892756
2023-10-01,item_35,10.305217488892756
2023-11-01,item_35,10.305217488892756
2023-12-01,item_35,10.305217488892756
2019-10-01,item_36,8.362158438463519
2019-11-01,item_36,8.362158438463519
2019-12-01,item_36,8.362158438463519
2020-01-01,item_36,8.362158438463519
2020-02-01,item_36,8.362158438463519
2020-03-01,item_36,8.362158438463519
2020-04-01,item_36,8.362158438463519
2020-05-01,item_36,7.944050516540343
2020-06-01,item_36,7.944050516540343
2020-07-01,item_36,7.944050516540343
2020-08-01,item_36,7.944050516540343
2020-09-01,item_36,7.944050516540343
2020-10-01,item_36,7.944050516540343
2020-11-01,item_36,7.546847990713325
2020-12-01,item_36,7.546847990713325
2021-01-01,item_36,7.546847990713325
2021-02-01,item_36,7.546847990713325
2021-03-01,item_36,7.546847990713325
2021-04-01,item_36,7.546847990713325
2021-05-01,item_36,7.546847990713325
2021-06-01,item_36,7.546847990713325
2021-07-01,item_36,7.546847990713325
2021-08-01,item_36,7.546847990713325
2021-09-01,item_36,7.546847990713325
2021-10-01,item_36,7.546847990713325
2021-11-01,item_36,7.169505591177659
2021-12-01,item_36,7.169505591177659
2022-01-01,item_36,7.169505591177659
2022-02-01,item_36,7.169505591177659
2022-03-01,item_36,7.169505591177659
2022-04-01,item_36,7.169505591177659
2022-05-01,item_36,6.811030311618776
2022-06-01,item_36,6.811030311618776
2022-07-01,item_36,6.811030311618776
2022-08-01,item_36,6.811030311618776
2022-09-01,item_36,6.811030311618776
2022-10-01,item_36,6.811030311618776
2022-11-01,item_36,6.811030311618776
2022-12-01,item_36,6.811030311618776
2023-01-01,item_36,6.811030311618776
2023-02-01,item_36,6.811030311618776
2023-03-01,item_36,6.811030311618776
2023-04-01,item_36,6.811030311618776
2023-05-01,item_36,6.811030311618776
2023-06-01,item_36,6.811030311618776
2023-07-01,item_36,6.811030311618776
2023-08-01,item_36,6.811030311618776
2023-09-01,item_36,6.811030311618776
2023-10-01,item_36,6.811030311618776
2023-11-01,item_36,7.151581827199715
2023-12-01,item_36,7.151581827199715
2019-10-01,item_37,17.952461414387855
2019-11-01,item_37,17.05483834366846
2019-12-01,item_37,17.05483834366846
2020-01-01,item_37,17.05483834366846
2020-02-01,item_37,17.05483834366846
2020-03-01,item_37,17.05483834366846
2020-04-01,item_37,17.05483834366846
2020-05-01,item_37,15.349354509301616
2020-06-01,item_37,15.349354509301616
2020-07-01,item_37,15.349354509301616
2020-08-01,item_37,15.349354509301616
2020-09-01,item_37,15.349354509301616
2020-10-01,item_37,15.349354509301616
2020-11-01,item_37,14.581886783836534
2020-12-01,item_37,14.581886783836534
2021-01-01,item_37,14.581886783836534
2021-02-01,item_37,14.581886783836534
2021-03-01,item_37,14.581886783836534
2021-04-01,item_37,14.581886783836534
2021-05-01,item_37,15.31098112302836
2021-06-01,item_37,15.31098112302836
2021-07-01,item_37,15.31098112302836
2021-08-01,item_37,15.31098112302836
2021-09-01,item_37,15.31098112302836
2021-10-01,item_37,15.31098112302836
2021-11-01,item_37,16.842079235331198
2021-12-01,item_37,16.842079235331198
2022-01-01,item_37,16.842079235331198
2022-02-01,item_37,16.842079235331198
2022-03-01,item_37,16.842079235331198
2022-04-01,item_37,16.842079235331198
2022-05-01,item_37,15.15787131179808
2022-06-01,item_37,15.15787131179808
2022-07-01,item_37,15.15787131179808
2022-08-01,item_37,15.15787131179808
2022-09-01,item_37,15.15787131179808
2022-10-01,item_37,15.15787131179808
2022-11-01,item_37,15.15787131179808
2022-12-01,item_37,15.15787131179808
2023-01-01,item_37,15.15787131179808
2023-02-01,item_37,15.15787131179808
2023-03-01,item_37,15.15787131179808
2023-04-01,item_37,15.15787131179808
2023-05-01,item_37,13.642084180618273
2023-06-01,item_37,13.642084180618273
2023-07-01,item_37,13.642084180618273
2023-08-01,item_37,13.642084180618273
2023-09-01,item_37,13.642084180618273
2023-10-01,item_37,13.642084180618273
2023-11-01,item_37,14.324188389649184
2023-12-01,item_37,14.324188389649184
2019-10-01,item_38,14.651491122119433
2019-11-01,item_38,15.384065678225404
2019-12-01,item_38,15.384065678225404
2020-01-01,item_38,15.384065678225404
2020-02-01,item_38,15.384065678225404
2020-03-01,item_38,15.384065678225404
2020-04-01,item_38,15.384065678225404
2020-05-01,item_38,16.153268962136675
2020-06-01,item_38,16.153268962136675
2020-07-01,item_38,16.153268962136675
2020-08-01,item_38,16.153268962136675
2020-09-01,item_38,16.153268962136675
2020-10-01,item_38,16.153268962136675
2020-11-01,item_38,14.537942065923009
2020-12-01,item_38,14.537942065923009
2021-01-01,item_38,14.537942065923009
2021-02-01,item_38,14.537942065923009
2021-03-01,item_38,14.537942065923009
2021-04-01,item_38,14.537942065923009
2021-05-01,item_38,13.084147859330708
2021-06-01,item_38,13.084147859330708
2021-07-01,item_38,13.084147859330708
2021-08-01,item_38,13.084147859330708
2021-09-01,item_38,13.084147859330708
2021-10-01,item_38,13.084147859330708
2021-11-01,item_38,13.084147859330708
2021-12-01,item_38,13.084147859330708
2022-01-01,item_38,13.084147859330708
2022-02-01,item_38,13.084147859330708
2022-03-01,item_38,13.084147859330708
2022-04-01,item_38,13.084147859330708
2022-05-01,item_38,13.084147859330708
2022-06-01,item_38,13.084147859330708
2022-07-01,item_38,13.084147859330708
2022-08-01,item_38,13.084147859330708
2022-09-01,item_38,13.084147859330708
2022-10-01,item_38,13.084147859330708
2022-11-01,item_38,13.738355252297245
2022-12-01,item_38,13.738355252297245
2023-01-01,item_38,13.738355252297245
2023-02-01,item_38,13.738355252297245
2023-03-01,item_38,13.738355252297245
2023-04-01,item_38,13.738355252297245
2023-05-01,item_38,13.05143748968238
2023-06-01,item_38,13.05143748968238
2023-07-01,item_38,13.05143748968238
2023-08-01,item_38,13.05143748968238
2023-09-01,item_38,13.05143748968238
2023-10-01,item_38,13.05143748968238
2023-11-01,item_38,12.39886561519826
2023-12-01,item_38,12.39886561519826
2019-10-01,item_39,14.703435907773894
2019-11-01,item_39,14.703435907773894
2019-12-01,item_39,14.703435907773894
2020-01-01,item_39,14.703435907773894
2020-02-01,item_39,14.703435907773894
2020-03-01,item_39,14.703435907773894
2020-04-01,item_39,14.703435907773894
2020-05-01,item_39,16.173779498551283
2020-06-01,item_39,16.173779498551283
2020-07-01,item_39,16.173779498551283
2020-08-01,item_39,16.173779498551283
2020-09-01,item_39,16.173779498551283
2020-10-01,item_39,16.173779498551283
2020-11-01,item_39,17.791157448406413
2020-12-01,item_39,17.791157448406413
2021-01-01,item_39,17.791157448406413
2021-02-01,item_39,17.791157448406413
2021-03-01,item_39,17.791157448406413
2021-04-01,item_39,17.791157448406413
2021-05-01,item_39,16.90159957598609
2021-06-01,item_39,16.90159957598609
2021-07-01,item_39,16.90159957598609
2021-08-01,item_39,16.90159957598609
2021-09-01,item_39,16.90159957598609
2021-10-01,item_39,16.90159957598609
2021-11-01,item_39,15.211439618387482
2021-12-01,item_39,15.211439618387482
2022-01-01,item_39,15.211439618387482
2022-02-01,item_39,15.211439618387482
2022-03-01,item_39,15.211439618387482
2022-04-01,item_39,15.211439618387482
2022-05-01,item_39,15.972011599306857
2022-06-01,item_39,15.972011599306857
2022-07-01,item_39,15.972011599306857
2022-08-01,item_39,15.972011599306857
2022-09-01,item_39,15.972011599306857
2022-10-01,item_39,15.972011599306857
2022-11-01,item_39,17.569212759237544
2022-12-01,item_39,17.569212759237544
2023-01-01,item_39,17.569212759237544
2023-02-01,item_39,17.569212759237544
2023-03-01,item_39,17.569212759237544
2023-04-01,item_39,17.569212759237544
2023-05-01,item_39,18.447673397199424
2023-06-01,item_39,18.447673397199424
2023-07-01,item_39,18.447673397199424
2023-08-01,item_39,18.447673397199424
2023-09-01,item_39,18.447673397199424
2023-10-01,item_39,18.447673397199424
2023-11-01,item_39,16.602906057479483
2023-12-01,item_39,16.602906057479483
2019-10-01,item_40,17.916324837221737
2019-11-01,item_40,17.916324837221737
2019-12-01,item_40,17.916324837221737
2020-01-01,item_40,17.916324837221737
2020-02-01,item_40,17.916324837221737
2020-03-01,item_40,17.916324837221737
2020-04-01,item_40,17.916324837221737
2020-05-01,item_40,19.707957320943912
2020-06-01,item_40,19.707957320943912
2020-07-01,item_40,19.707957320943912
2020-08-01,item_40,19.707957320943912
2020-09-01,item_40,19.707957320943912
2020-10-01,item_40,19.707957320943912
2020-11-01,item_40,19.707957320943912
2020-12-01,item_40,19.707957320943912
2021-01-01,item_40,19.707957320943912
2021-02-01,item_40,19.707957320943912
2021-03-01,item_40,19.707957320943912
2021-04-01,item_40,19.707957320943912
2021-05-01,item_40,18.722559454896714
2021-06-01,item_40,18.722559454896714
2021-07-01,item_40,18.722559454896714
2021-08-01,item_40,18.722559454896714
2021-09-01,item_40,18.722559454896714
2021-10-01,item_40,18.722559454896714
2021-11-01,item_40,16.850303509407045
2021-12-01,item_40,16.850303509407045
2022-01-01,item_40,16.850303509407045
2022-02-01,item_40,16.850303509407045
2022-03-01,item_40,16.850303509407045
2022-04-01,item_40,16.850303509407045
2022-05-01,item_40,15.16527315846634
2022-06-01,item_40,15.16527315846634
2022-07-01,item_40,15.16527315846634
2022-08-01,item_40,15.16527315846634
2022-09-01,item_40,15.16527315846634
2022-10-01,item_40,15.16527315846634
2022-11-01,item_40,13.648745842619707
2022-12-01,item_40,13.648745842619707
2023-01-01,item_40,13.648745842619707
2023-02-01,item_40,13.648745842619707
2023-03-01,item_40,13.648745842619707
2023-04-01,item_40,13.648745842619707
2023-05-01,item_40,14.331183134750692
2023-06-01,item_40,14.331183134750692
2023-07-01,item_40,14.331183134750692
2023-08-01,item_40,14.331183134750692
2023-09-01,item_40,14.331183134750692
2023-10-01,item_40,14.331183134750692
2023-11-01,item_40,14.331183134750692
2023-12-01,item_40,14.331183134750692
2019-10-01,item_41,17.187473490031557
2019-11-01,item_41,16.328099815529978
2019-12-01,item_41,16.328099815529978
2020-01-01,item_41,16.328099815529978
2020-02-01,item_41,16.328099815529978
2020-03-01,item_41,16.328099815529978
2020-04-01,item_41,16.328099815529978
2020-05-01,item_41,14.69528983397698
2020-06-01,item_41,14.69528983397698
2020-07-01,item_41,14.69528983397698
2020-08-01,item_41,14.69528983397698
2020-09-01,item_41,14.69528983397698
2020-10-01,item_41,14.69528983397698
2020-11-01,item_41,13.960525342278132
2020-12-01,item_41,13.960525342278132
2021-01-01,item_41,13.960525342278132
2021-02-01,item_41,13.960525342278132
2021-03-01,item_41,13.960525342278132
2021-04-01,item_41,13.960525342278132
2021-05-01,item_41,13.262499075164223
2021-06-01,item_41,13.262499075164223
2021-07-01,item_41,13.262499075164223
2021-08-01,item_41,13.262499075164223
2021-09-01,item_41,13.262499075164223
2021-10-01,item_41,13.262499075164223
2021-11-01,item_41,13.925624028922435
2021-12-01,item_41,13.925624028922435
2022-01-01,item_41,13.925624028922435
2022-02-01,item_41,13.925624028922435
2022-03-01,item_41,13.925624028922435
2022-04-01,item_41,13.925624028922435
2022-05-01,item_41,14.62190523036856
2022-06-01,item_41,14.62190523036856
2022-07-01,item_41,14.62190523036856
2022-08-01,item_41,14.62190523036856
2022-09-01,item_41,14.62190523036856
2022-10-01,item_41,14.62190523036856
2022-11-01,item_41,13.159714707331704
2022-12-01,item_41,13.159714707331704
2023-01-01,item_41,13.159714707331704
2023-02-01,item_41,13.159714707331704
2023-03-01,item_41,13.159714707331704
2023-04-01,item_41,13.159714707331704
2023-05-01,item_41,14.475686178064874
2023-06-01,item_41,14.475686178064874
2023-07-01,item_41,14.475686178064874
2023-08-01,item_41,14.475686178064874
2023-09-01,item_41,14.475686178064874
2023-10-01,item_41,14.475686178064874
2023-11-01,item_41,13.75190186916163
2023-12-01,item_41,13.75190186916163
2019-10-01,item_42,8.202152053981232
2019-11-01,item_42,9.022367259379356
2019-12-01,item_42,9.022367259379356
2020-01-01,item_42,9.022367259379356
2020-02-01,item_42,9.022367259379356
2020-03-01,item_42,9.022367259379356
2020-04-01,item_42,9.022367259379356
2020-05-01,item_42,8.12013053344142
2020-06-01,item_42,8.12013053344142
2020-07-01,item_42,8.12013053344142
2020-08-01,item_42,8.12013053344142
2020-09-01,item_42,8.12013053344142
2020-10-01,item_42,8.12013053344142
2020-11-01,item_42,8.526137060113491
2020-12-01,item_42,8.526137060113491
2021-01-01,item_42,8.526137060113491
2021-02-01,item_42,8.526137060113491
2021-03-01,item_42,8.526137060113491
2021-04-01,item_42,8.526137060113491
2021-05-01,item_42,9.378750766124842
2021-06-01,item_42,9.378750766124842
2021-07-01,item_42,9.378750766124842
2021-08-01,item_42,9.378750766124842
2021-09-01,item_42,9.378750766124842
2021-10-01,item_42,9.378750766124842
2021-11-01,item_42,10.316625842737327
2021-12-01,item_42,10.316625842737327
2022-01-01,item_42,10.316625842737327
2022-02-01,item_42,10.316625842737327
2022-03-01,item_42,10.316625842737327
2022-04-01,item_42,10.316625842737327
2022-05-01,item_42,10.316625842737327
2022-06-01,item_42,10.316625842737327
2022-07-01,item_42,10.316625842737327
2022-08-01,item_42,10.316625842737327
2022-09-01,item_42,10.316625842737327
2022-10-01,item_42,10.316625842737327
2022-11-01,item_42,9.80079455060046
2022-12-01,item_42,9.80079455060046
2023-01-01,item_42,9.80079455060046
2023-02-01,item_42,9.80079455060046
2023-03-01,item_42,9.80079455060046
2023-04-01,item_42,9.80079455060046
2023-05-01,item_42,9.310754823070438
2023-06-01,item_42,9.310754823070438
2023-07-01,item_42,9.310754823070438
2023-08-01,item_42,9.310754823070438
2023-09-01,item_42,9.310754823070438
2023-10-01,item_42,9.310754823070438
2023-11-01,item_42,8.379679340763394
2023-12-01,item_42,8.379679340763394
2019-10-01,item_43,11.259906123009593
2019-11-01,item_43,11.822901429160073
2019-12-01,item_43,11.822901429160073
2020-01-01,item_43,11.822901429160073
2020-02-01,item_43,11.822901429160073
2020-03-01,item_43,11.822901429160073
2020-04-01,item_43,11.822901429160073
2020-05-01,item_43,12.414046500618076
2020-06-01,item_43,12.414046500618076
2020-07-01,item_43,12.414046500618076
2020-08-01,item_43,12.414046500618076
2020-09-01,item_43,12.414046500618076
2020-10-01,item_43,12.414046500618076
2020-11-01,item_43,11.172641850556268
2020-12-01,item_43,11.172641850556268
2021-01-01,item_43,11.172641850556268
2021-02-01,item_43,11.172641850556268
2021-03-01,item_43,11.172641850556268
2021-04-01,item_43,11.172641850556268
2021-05-01,item_43,10.614009758028454
2021-06-01,item_43,10.614009758028454
2021-07-01,item_43,10.614009758028454
2021-08-01,item_43,10.614009758028454
2021-09-01,item_43,10.614009758028454
2021-10-01,item_43,10.614009758028454
2021-11-01,item_43,11.6754107338313
2021-12-01,item_43,11.6754107338313
2022-01-01,item_43,11.6754107338313
2022-02-01,item_43,11.6754107338313
2022-03-01,item_43,11.6754107338313
2022-04-01,item_43,11.6754107338313
2022-05-01,item_43,12.259181270522864
2022-06-01,item_43,12.259181270522864
2022-07-01,item_43,12.259181270522864
2022-08-01,item_43,12.259181270522864
2022-09-01,item_43,12.259181270522864
2022-10-01,item_43,12.259181270522864
2022-11-01,item_43,11.033263143470576
2022-12-01,item_43,11.033263143470576
2023-01-01,item_43,11.033263143470576
2023-02-01,item_43,11.033263143470576
2023-03-01,item_43,11.033263143470576
2023-04-01,item_43,11.033263143470576
2023-05-01,item_43,9.92993682912352
2023-06-01,item_43,9.92993682912352
2023-07-01,item_43,9.92993682912352
2023-08-01,item_43,9.92993682912352
2023-09-01,item_43,9.92993682912352
2023-10-01,item_43,9.92993682912352
2023-11-01,item_43,9.433439987667343
2023-12-01,item_43,9.433439987667343
2019-10-01,item_44,8.820596026058125
2019-11-01,item_44,7.938536423452312
2019-12-01,item_44,7.938536423452312
2020-01-01,item_44,7.938536423452312
2020-02-01,item_44,7.938536423452312
2020-03-01,item_44,7.938536423452312
2020-04-01,item_44,7.938536423452312
2020-05-01,item_44,7.144682781107082
2020-06-01,item_44,7.144682781107082
2020-07-01,item_44,7.144682781107082
2020-08-01,item_44,7.144682781107082
2020-09-01,item_44,7.144682781107082
2020-10-01,item_44,7.144682781107082
2020-11-01,item_44,6.787448642051727
2020-12-01,item_44,6.787448642051727
2021-01-01,item_44,6.787448642051727
2021-02-01,item_44,6.787448642051727
2021-03-01,item_44,6.787448642051727
2021-04-01,item_44,6.787448642051727
2021-05-01,item_44,7.126821074154313
2021-06-01,item_44,7.126821074154313
2021-07-01,item_44,7.126821074154313
2021-08-01,item_44,7.126821074154313
2021-09-01,item_44,7.126821074154313
2021-10-01,item_44,7.126821074154313
2021-11-01,item_44,6.770480020446597
2021-12-01,item_44,6.770480020446597
2022-01-01,item_44,6.770480020446597
2022-02-01,item_44,6.770480020446597
2022-03-01,item_44,6.770480020446597
2022-04-01,item_44,6.770480020446597
2022-05-01,item_44,6.431956019424267
2022-06-01,item_44,6.431956019424267
2022-07-01,item_44,6.431956019424267
2022-08-01,item_44,6.431956019424267
2022-09-01,item_44,6.431956019424267
2022-10-01,item_44,6.431956019424267
2022-11-01,item_44,5.78876041748184
2022-12-01,item_44,5.78876041748184
2023-01-01,item_44,5.78876041748184
2023-02-01,item_44,5.78876041748184
2023-03-01,item_44,5.78876041748184
2023-04-01,item_44,5.78876041748184
2023-05-01,item_44,5.78876041748184
2023-06-01,item_44,5.78876041748184
2023-07-01,item_44,5.78876041748184
2023-08-01,item_44,5.78876041748184
2023-09-01,item_44,5.78876041748184
2023-10-01,item_44,5.78876041748184
2023-11-01,item_44,5.499322396607748
2023-12-01,item_44,5.499322396607748
2019-10-01,item_45,15.691381302448328
2019-11-01,item_45,14.90681223732591
2019-12-01,item_45,14.90681223732591
2020-01-01,item_45,14.90681223732591
2020-02-01,item_45,14.90681223732591
2020-03-01,item_45,14.90681223732591
2020-04-01,item_45,14.90681223732591
2020-05-01,item_45,15.652152849192207
2020-06-01,item_45,15.652152849192207
2020-07-01,item_45,15.652152849192207
2020-08-01,item_45,15.652152849192207
2020-09-01,item_45,15.652152849192207
2020-10-01,item_45,15.652152849192207
2020-11-01,item_45,16.43476049165182
2020-12-01,item_45,16.43476049165182
2021-01-01,item_45,16.43476049165182
2021-02-01,item_45,16.43476049165182
2021-03-01,item_45,16.43476049165182
2021-04-01,item_45,16.43476049165182
2021-05-01,item_45,15.613022467069229
2021-06-01,item_45,15.613022467069229
2021-07-01,item_45,15.613022467069229
2021-08-01,item_45,15.613022467069229
2021-09-01,item_45,15.613022467069229
2021-10-01,item_45,15.613022467069229
2021-11-01,item_45,17.17432471377615
2021-12-01,item_45,17.17432471377615
2022-01-01,item_45,17.17432471377615
2022-02-01,item_45,17.17432471377615
2022-03-01,item_45,17.17432471377615
2022-04-01,item_45,17.17432471377615
2022-05-01,item_45,17.17432471377615
2022-06-01,item_45,17.17432471377615
2022-07-01,item_45,17.17432471377615
2022-08-01,item_45,17.17432471377615
2022-09-01,item_45,17.17432471377615
2022-10-01,item_45,17.17432471377615
2022-11-01,item_45,16.31560847808734
2022-12-01,item_45,16.31560847808734
2023-01-01,item_45,16.31560847808734
2023-02-01,item_45,16.31560847808734
2023-03-01,item_45,16.31560847808734
2023-04-01,item_45,16.31560847808734
2023-05-01,item_45,17.13138890199171
2023-06-01,item_45,17.13138890199171
2023-07-01,item_45,17.13138890199171
2023-08-01,item_45,17.13138890199171
2023-09-01,item_45,17.13138890199171
2023-10-01,item_45,17.13138890199171
2023-11-01,item_45,17.13138890199171
2023-12-01,item_45,17.13138890199171
2019-10-01,item_46,11.078162056977543
2019-11-01,item_46,10.524253954128666
2019-12-01,item_46,10.524253954128666
2020-01-01,item_46,10.524253954128666
2020-02-01,item_46,10.524253954128666
2020-03-01,item_46,10.524253954128666
2020-04-01,item_46,10.524253954128666
2020-05-01,item_46,11.0504666518351
2020-06-01,item_46,11.0504666518351
2020-07-01,item_46,11.0504666518351
2020-08-01,item_46,11.0504666518351
2020-09-01,item_46,11.0504666518351
2020-10-01,item_46,11.0504666518351
2020-11-01,item_46,9.94541998665159
2020-12-01,item_46,9.94541998665159
2021-01-01,item_46,9.94541998665159
2021-02-01,item_46,9.94541998665159
2021-03-01,item_46,9.94541998665159
2021-04-01,item_46,9.94541998665159
2021-05-01,item_46,10.93996198531675
2021-06-01,item_46,10.93996198531675
2021-07-01,item_46,10.93996198531675
2021-08-01,item_46,10.93996198531675
2021-09-01,item_46,10.93996198531675
2021-10-01,item_46,10.93996198531675
2021-11-01,item_46,9.845965786785074
2021-12-01,item_46,9.845965786785074
2022-01-01,item_46,9.845965786785074
2022-02-01,item_46,9.845965786785074
2022-03-01,item_46,9.845965786785074
2022-04-01,item_46,9.845965786785074
2022-05-01,item_46,9.35366749744582
2022-06-01,item_46,9.35366749744582
2022-07-01,item_46,9.35366749744582
2022-08-01,item_46,9.35366749744582
2022-09-01,item_46,9.35366749744582
2022-10-01,item_46,9.35366749744582
2022-11-01,item_46,9.82135087231811
2022-12-01,item_46,9.82135087231811
2023-01-01,item_46,9.82135087231811
2023-02-01,item_46,9.82135087231811
2023-03-01,item_46,9.82135087231811
2023-04-01,item_46,9.82135087231811
2023-05-01,item_46,9.330283328702205
2023-06-01,item_46,9.330283328702205
2023-07-01,item_46,9.330283328702205
2023-08-01,item_46,9.330283328702205
2023-09-01,item_46,9.330283328702205
2023-10-01,item_46,9.330283328702205
2023-11-01,item_46,10.263311661572423
2023-12-01,item_46,10.263311661572423
2019-10-01,item_47,15.249615209793786
2019-11-01,item_47,15.249615209793786
2019-12-01,item_47,15.249615209793786
2020-01-01,item_47,15.249615209793786
2020-02-01,item_47,15.249615209793786
2020-03-01,item_47,15.249615209793786
2020-04-01,item_47,15.249615209793786
2020-05-01,item_47,16.774576730773166
2020-06-01,item_47,16.774576730773166
2020-07-01,item_47,16.774576730773166
2020-08-01,item_47,16.774576730773166
2020-09-01,item_47,16.774576730773166
2020-10-01,item_47,16.774576730773166
2020-11-01,item_47,16.774576730773166
2020-12-01,item_47,16.774576730773166
2021-01-01,item_47,16.774576730773166
2021-02-01,item_47,16.774576730773166
2021-03-01,item_47,16.774576730773166
2021-04-01,item_47,16.774576730773166
2021-05-01,item_47,15.935847894234508
2021-06-01,item_47,15.935847894234508
2021-07-01,item_47,15.935847894234508
2021-08-01,item_47,15.935847894234508
2021-09-01,item_47,15.935847894234508
2021-10-01,item_47,15.935847894234508
2021-11-01,item_47,17.52943268365796
2021-12-01,item_47,17.52943268365796
2022-01-01,item_47,17.52943268365796
2022-02-01,item_47,17.52943268365796
2022-03-01,item_47,17.52943268365796
2022-04-01,item_47,17.52943268365796
2022-05-01,item_47,19.28237595202376
2022-06-01,item_47,19.28237595202376
2022-07-01,item_47,19.28237595202376
2022-08-01,item_47,19.28237595202376
2022-09-01,item_47,19.28237595202376
2022-10-01,item_47,19.28237595202376
2022-11-01,item_47,17.35413835682138
2022-12-01,item_47,17.35413835682138
2023-01-01,item_47,17.35413835682138
2023-02-01,item_47,17.35413835682138
2023-03-01,item_47,17.35413835682138
2023-04-01,item_47,17.35413835682138
2023-05-01,item_47,17.35413835682138
2023-06-01,item_47,17.35413835682138
2023-07-01,item_47,17.35413835682138
2023-08-01,item_47,17.35413835682138
2023-09-01,item_47,17.35413835682138
2023-10-01,item_47,17.35413835682138
2023-11-01,item_47,16.48643143898031
2023-12-01,item_47,16.48643143898031
2019-10-01,item_48,9.635389072554668
2019-11-01,item_48,9.635389072554668
2019-12-01,item_48,9.635389072554668
2020-01-01,item_48,9.635389072554668
2020-02-01,item_48,9.635389072554668
2020-03-01,item_48,9.635389072554668
2020-04-01,item_48,9.635389072554668
2020-05-01,item_48,9.635389072554668
2020-06-01,item_48,9.635389072554668
2020-07-01,item_48,9.635389072554668
2020-08-01,item_48,9.635389072554668
2020-09-01,item_48,9.635389072554668
2020-10-01,item_48,9.635389072554668
2020-11-01,item_48,9.153619618926934
2020-12-01,item_48,9.153619618926934
2021-01-01,item_48,9.153619618926934
2021-02-01,item_48,9.153619618926934
2021-03-01,item_48,9.153619618926934
2021-04-01,item_48,9.153619618926934
2021-05-01,item_48,9.61130059987328
2021-06-01,item_48,9.61130059987328
2021-07-01,item_48,9.61130059987328
2021-08-01,item_48,9.61130059987328
2021-09-01,item_48,9.61130059987328
2021-10-01,item_48,9.61130059987328
2021-11-01,item_48,8.650170539885952
2021-12-01,item_48,8.650170539885952
2022-01-01,item_48,8.650170539885952
2022-02-01,item_48,8.650170539885952
2022-03-01,item_48,8.650170539885952
2022-04-01,item_48,8.650170539885952
2022-05-01,item_48,8.217662012891655
2022-06-01,item_48,8.217662012891655
2022-07-01,item_48,8.217662012891655
2022-08-01,item_48,8.217662012891655
2022-09-01,item_48,8.217662012891655
2022-10-01,item_48,8.217662012891655
2022-11-01,item_48,7.806778912247071
2022-12-01,item_48,7.806778912247071
2023-01-01,item_48,7.806778912247071
2023-02-01,item_48,7.806778912247071
2023-03-01,item_48,7.806778912247071
2023-04-01,item_48,7.806778912247071
2023-05-01,item_48,7.416439966634718
2023-06-01,item_48,7.416439966634718
2023-07-01,item_48,7.416439966634718
2023-08-01,item_48,7.416439966634718
2023-09-01,item_48,7.416439966634718
2023-10-01,item_48,7.416439966634718
2023-11-01,item_48,7.416439966634718
2023-12-01,item_48,7.416439966634718
2019-10-01,item_49,17.58654530217976
2019-11-01,item_49,19.34519983239774
2019-12-01,item_49,19.34519983239774
2020-01-01,item_49,19.34519983239774
2020-02-01,item_49,19.34519983239774
2020-03-01,item_49,19.34519983239774
2020-04-01,item_49,19.34519983239774
2020-05-01,item_49,21.279719815637517
2020-06-01,item_49,21.279719815637517
2020-07-01,item_49,21.279719815637517
2020-08-01,item_49,21.279719815637517
2020-09-01,item_49,21.279719815637517
2020-10-01,item_49,21.279719815637517
2020-11-01,item_49,23.407691797201267
2020-12-01,item_49,23.407691797201267
2021-01-01,item_49,23.407691797201267
2021-02-01,item_49,23.407691797201267
2021-03-01,item_49,23.407691797201267
2021-04-01,item_49,23.407691797201267
2021-05-01,item_49,21.06692261748114
2021-06-01,item_49,21.06692261748114
2021-07-01,item_49,21.06692261748114
2021-08-01,item_49,21.06692261748114
2021-09-01,item_49,21.06692261748114
2021-10-01,item_49,21.06692261748114
2021-11-01,item_49,22.1202687483552
2021-12-01,item_49,22.1202687483552
2022-01-01,item_49,22.1202687483552
2022-02-01,item_49,22.1202687483552
2022-03-01,item_49,22.1202687483552
2022-04-01,item_49,22.1202687483552
2022-05-01,item_49,22.1202687483552
2022-06-01,item_49,22.1202687483552
2022-07-01,item_49,22.1202687483552
2022-08-01,item_49,22.1202687483552
2022-09-01,item_49,22.1202687483552
2022-10-01,item_49,22.1202687483552
2022-11-01,item_49,21.01425531093744
2022-12-01,item_49,21.01425531093744
2023-01-01,item_49,21.01425531093744
2023-02-01,item_49,21.01425531093744
2023-03-01,item_49,21.01425531093744
2023-04-01,item_49,21.01425531093744
2023-05-01,item_49,21.01425531093744
2023-06-01,item_49,21.01425531093744
2023-07-01,item_49,21.01425531093744
2023-08-01,item_49,21.01425531093744
2023-09-01,item_49,21.01425531093744
2023-10-01,item_49,21.01425531093744
2023-11-01,item_49,23.115680842031185
2023-12-01,item_49,23.115680842031185
