dates,item_id,sales
2019-10-01,item_0,3134.4418569659542
2019-11-01,item_0,3354.1636475526634
2019-12-01,item_0,4436.384340563709
2020-01-01,item_0,6180.40642675281
2020-02-01,item_0,5349.843336983018
2020-03-01,item_0,5244.866461794936
2020-04-01,item_0,7871.53632146485
2020-05-01,item_0,6440.342476734412
2020-06-01,item_0,5208.021191539046
2020-07-01,item_0,3170.161690798227
2020-08-01,item_0,3095.6992048148045
2020-09-01,item_0,2362.176466959196
2020-10-01,item_0,3069.9085049634714
2020-11-01,item_0,3523.533363227268
2020-12-01,item_0,5264.371810844113
2021-01-01,item_0,4173.666055734411
2021-02-01,item_0,5292.273551677347
2021-03-01,item_0,5133.43279175878
2021-04-01,item_0,8128.088131514271
2021-05-01,item_0,5207.011890338833
2021-06-01,item_0,6444.378616191486
2021-07-01,item_0,3274.645538623815
2021-08-01,item_0,2714.473465377365
2021-09-01,item_0,3202.9433769018838
2021-10-01,item_0,2984.841825927024
2021-11-01,item_0,3418.199215068689
2021-12-01,item_0,5414.836637906494
2022-01-01,item_0,4711.568138709311
2022-02-01,item_0,3300.8584133439454
2022-03-01,item_0,8332.536312303708
2022-04-01,item_0,9826.688385497197
2022-05-01,item_0,6145.375682426948
2022-06-01,item_0,8259.126465441774
2022-07-01,item_0,3788.7756666180608
2022-08-01,item_0,3506.3045292744905
2022-09-01,item_0,3156.358252089592
2022-10-01,item_0,5505.516386559976
2022-11-01,item_0,3873.8377898740096
2022-12-01,item_0,5334.398581178375
2023-01-01,item_0,4932.830258771298
2023-02-01,item_0,5205.440446681593
2023-03-01,item_0,6037.45797815508
2023-04-01,item_0,13597.901709275196
2023-05-01,item_0,5625.489834173458
2023-06-01,item_0,6126.52312208726
2023-07-01,item_0,3852.353725310581
2023-08-01,item_0,4297.541114146997
2023-09-01,item_0,4825.323774720723
2023-10-01,item_0,4265.2287791432
2023-11-01,item_0,3528.9361230449795
2023-12-01,item_0,9011.49078392568
2019-10-01,item_1,542.9146481599712
2019-11-01,item_1,438.650140179
2019-12-01,item_1,472.2758404972295
2020-01-01,item_1,210.37687857741287
2020-02-01,item_1,334.8109437424537
2020-03-01,item_1,182.7681918816901
2020-04-01,item_1,206.50179602515777
2020-05-01,item_1,299.56407140153846
2020-06-01,item_1,377.8889747667847
2020-07-01,item_1,425.3408184202169
2020-08-01,item_1,667.2674633939105
2020-09-01,item_1,540.6438611298532
2020-10-01,item_1,290.26877555672706
2020-11-01,item_1,713.1984477749389
2020-12-01,item_1,401.7606944274358
2021-01-01,item_1,257.5967509056869
2021-02-01,item_1,269.5807304996442
2021-03-01,item_1,288.28964259683977
2021-04-01,item_1,277.28744633905586
2021-05-01,item_1,378.1889801310841
2021-06-01,item_1,485.2957873530964
2021-07-01,item_1,361.6137897057852
2021-08-01,item_1,618.4952856783167
2021-09-01,item_1,523.7835202541958
2021-10-01,item_1,544.3955586151365
2021-11-01,item_1,435.8807355456184
2021-12-01,item_1,375.44154812619
2022-01-01,item_1,283.3486096924974
2022-02-01,item_1,279.3650977702123
2022-03-01,item_1,227.99152396463865
2022-04-01,item_1,268.0668999337966
2022-05-01,item_1,341.6642850777214
2022-06-01,item_1,552.9757894992727
2022-07-01,item_1,275.4142980071583
2022-08-01,item_1,690.2341533905208
2022-09-01,item_1,407.0162543324122
2022-10-01,item_1,511.3726920838205
2022-11-01,item_1,404.9178812241028
2022-12-01,item_1,345.0087772321271
2023-01-01,item_1,310.9547446503915
2023-02-01,item_1,290.3257605827805
2023-03-01,item_1,261.6999416641865
2023-04-01,item_1,285.05086669929875
2023-05-01,item_1,427.08337424779467
2023-06-01,item_1,397.1630123509906
2023-07-01,item_1,364.2191601717112
2023-08-01,item_1,468.61691866820746
2023-09-01,item_1,367.3088315003493
2023-10-01,item_1,258.02645052439686
2023-11-01,item_1,651.7508182619108
2023-12-01,item_1,342.73821546105523
2019-10-01,item_2,2966.7885111225523
2019-11-01,item_2,3918.447564390705
2019-12-01,item_2,5700.120264889066
2020-01-01,item_2,9840.867928521797
2020-02-01,item_2,10339.310880846706
2020-03-01,item_2,9639.131821916812
2020-04-01,item_2,7621.801531681525
2020-05-01,item_2,8449.96569890414
2020-06-01,item_2,7970.590064439138
2020-07-01,item_2,4879.761033806065
2020-08-01,item_2,3888.4925318482456
2020-09-01,item_2,2795.9283203604978
2020-10-01,item_2,3521.8724144759785
2020-11-01,item_2,3170.357392625633
2020-12-01,item_2,4918.039835808837
2021-01-01,item_2,8648.800540788336
2021-02-01,item_2,4625.509228846555
2021-03-01,item_2,11177.252826112144
2021-04-01,item_2,6871.056470076087
2021-05-01,item_2,6282.116933601847
2021-06-01,item_2,5867.710032307952
2021-07-01,item_2,5176.804723711002
2021-08-01,item_2,3891.105855635828
2021-09-01,item_2,3258.396232822672
2021-10-01,item_2,3818.8405674265887
2021-11-01,item_2,4696.977804161711
2021-12-01,item_2,8012.995946418457
2022-01-01,item_2,8162.007657856893
2022-02-01,item_2,8769.56795891041
2022-03-01,item_2,8477.349063855678
2022-04-01,item_2,6125.962586030261
2022-05-01,item_2,7126.308509646284
2022-06-01,item_2,9278.422335282106
2022-07-01,item_2,4517.1461487680735
2022-08-01,item_2,4330.865884280245
2022-09-01,item_2,4919.575440379166
2022-10-01,item_2,4207.358211117455
2022-11-01,item_2,5898.266131332717
2022-12-01,item_2,6600.793382434678
2023-01-01,item_2,7803.061427827218
2023-02-01,item_2,9550.68110249315
2023-03-01,item_2,6650.301166034704
2023-04-01,item_2,4984.39749668208
2023-05-01,item_2,6244.717510962304
2023-06-01,item_2,7341.493211547319
2023-07-01,item_2,4625.62310659275
2023-08-01,item_2,4430.650502549365
2023-09-01,item_2,5793.420001664519
2023-10-01,item_2,5386.745953016096
2023-11-01,item_2,6656.30873298148
2023-12-01,item_2,7934.138463715856
2019-10-01,item_3,2145.607428734977
2019-11-01,item_3,4591.505338897862
2019-12-01,item_3,5442.217574589579
2020-01-01,item_3,4330.680624002019
2020-02-01,item_3,5157.791525949098
2020-03-01,item_3,6033.132320368862
2020-04-01,item_3,4314.221650065422
2020-05-01,item_3,7775.442686473099
2020-06-01,item_3,5656.446795372689
2020-07-01,item_3,4301.34584206805
2020-08-01,item_3,4132.903169782304
2020-09-01,item_3,4472.093689588742
2020-10-01,item_3,3182.1058060524724
2020-11-01,item_3,3663.2898825378966
2020-12-01,item_3,4711.672829751607
2021-01-01,item_3,5635.747899805027
2021-02-01,item_3,4650.294796322389
2021-03-01,item_3,4456.361515280365
2021-04-01,item_3,6161.446090396661
2021-05-01,item_3,5507.9221964933095
2021-06-01,item_3,3617.834728717276
2021-07-01,item_3,5753.6763311202285
2021-08-01,item_3,4553.456617569235
2021-09-01,item_3,4073.545664193184
2021-10-01,item_3,2430.4815108047
2021-11-01,item_3,5249.7975453494255
2021-12-01,item_3,4062.039202563106
2022-01-01,item_3,4529.110361895949
2022-02-01,item_3,3864.2226249085447
2022-03-01,item_3,5846.471100202823
2022-04-01,item_3,4276.743880630838
2022-05-01,item_3,5558.365565535078
2022-06-01,item_3,4889.528300762822
2022-07-01,item_3,4078.92254308671
2022-08-01,item_3,4285.290186924295
2022-09-01,item_3,5083.580324016454
2022-10-01,item_3,4588.947745359429
2022-11-01,item_3,4403.517119993954
2022-12-01,item_3,4271.093886828375
2023-01-01,item_3,5958.73337125767
2023-02-01,item_3,4291.624797032233
2023-03-01,item_3,5244.157779759358
2023-04-01,item_3,4336.870844056843
2023-05-01,item_3,5019.519682989403
2023-06-01,item_3,5874.4590438677205
2023-07-01,item_3,4909.853204472209
2023-08-01,item_3,3484.185653488901
2023-09-01,item_3,3924.8831209377136
2023-10-01,item_3,3986.904059068087
2023-11-01,item_3,4059.394292336768
2023-12-01,item_3,4598.758717702482
2019-10-01,item_4,2198.106511842584
2019-11-01,item_4,3240.9839477239766
2019-12-01,item_4,3800.3833409474846
2020-01-01,item_4,5508.244248453111
2020-02-01,item_4,5540.022235923408
2020-03-01,item_4,3033.974876157982
2020-04-01,item_4,8144.939624580854
2020-05-01,item_4,6919.321580346819
2020-06-01,item_4,4557.298948074122
2020-07-01,item_4,2810.3955288394377
2020-08-01,item_4,2850.8620795902057
2020-09-01,item_4,2326.3935070733005
2020-10-01,item_4,2310.3619716971416
2020-11-01,item_4,1737.2980121665782
2020-12-01,item_4,6622.144279954819
2021-01-01,item_4,5639.595550904936
2021-02-01,item_4,5089.513332167801
2021-03-01,item_4,4965.216752672778
2021-04-01,item_4,5914.2256139034525
2021-05-01,item_4,4972.520561231845
2021-06-01,item_4,3624.0244129824127
2021-07-01,item_4,2464.5280165005943
2021-08-01,item_4,4154.521903043601
2021-09-01,item_4,2857.289218971528
2021-10-01,item_4,2580.3781939420915
2021-11-01,item_4,4542.591046987317
2021-12-01,item_4,5640.459820967455
2022-01-01,item_4,5610.739962556319
2022-02-01,item_4,5430.085862555203
2022-03-01,item_4,6535.331083712918
2022-04-01,item_4,6816.6167840901335
2022-05-01,item_4,5627.6487728110615
2022-06-01,item_4,4789.4894464925965
2022-07-01,item_4,3675.329698017173
2022-08-01,item_4,3459.0598385020007
2022-09-01,item_4,3347.935131155035
2022-10-01,item_4,4097.445653039305
2022-11-01,item_4,4183.02489700116
2022-12-01,item_4,5926.876840524619
2023-01-01,item_4,7251.691515232998
2023-02-01,item_4,5277.393878596435
2023-03-01,item_4,5177.22546960781
2023-04-01,item_4,5665.733905972104
2023-05-01,item_4,4909.087255541579
2023-06-01,item_4,5290.406185817169
2023-07-01,item_4,2609.7228010021977
2023-08-01,item_4,3688.7732018632714
2023-09-01,item_4,4631.89740753981
2023-10-01,item_4,3630.7210214039615
2023-11-01,item_4,4910.230123517282
2023-12-01,item_4,5780.608710539173
2019-10-01,item_5,4754.457042090414
2019-11-01,item_5,4330.730533942352
2019-12-01,item_5,4080.309247823902
2020-01-01,item_5,2362.829272559182
2020-02-01,item_5,1915.578653789294
2020-03-01,item_5,1701.9653546534323
2020-04-01,item_5,2515.497895639387
2020-05-01,item_5,2319.3360289635093
2020-06-01,item_5,3726.81264184389
2020-07-01,item_5,3018.2307324581143
2020-08-01,item_5,7779.900713620434
2020-09-01,item_5,4758.483179751425
2020-10-01,item_5,5163.851707758372
2020-11-01,item_5,4480.84684902824
2020-12-01,item_5,3631.681913309156
2021-01-01,item_5,2840.076362037314
2021-02-01,item_5,980.2831516469744
2021-03-01,item_5,3485.158668785277
2021-04-01,item_5,3528.802415764974
2021-05-01,item_5,2662.5221098676766
2021-06-01,item_5,3766.1052165239394
2021-07-01,item_5,4590.451481104537
2021-08-01,item_5,4815.847563852926
2021-09-01,item_5,3363.1347813414645
2021-10-01,item_5,5473.9533539466265
2021-11-01,item_5,3076.3077936863406
2021-12-01,item_5,3444.994312482705
2022-01-01,item_5,2306.2287568686097
2022-02-01,item_5,2131.0758161922686
2022-03-01,item_5,2431.9020389520274
2022-04-01,item_5,3215.024469804273
2022-05-01,item_5,3399.516709356106
2022-06-01,item_5,5404.637678668965
2022-07-01,item_5,4055.6317549071696
2022-08-01,item_5,4534.330547499959
2022-09-01,item_5,3144.0120147842567
2022-10-01,item_5,3606.9680249208463
2022-11-01,item_5,2961.184463379688
2022-12-01,item_5,3187.8397667162785
2023-01-01,item_5,2704.6561542486334
2023-02-01,item_5,2882.176381850948
2023-03-01,item_5,3116.4179296674733
2023-04-01,item_5,4617.5004085342935
2023-05-01,item_5,2371.7413504802016
2023-06-01,item_5,5621.936177186169
2023-07-01,item_5,3098.3517028056813
2023-08-01,item_5,6556.332964772858
2023-09-01,item_5,4299.07187476239
2023-10-01,item_5,2494.434323038606
2023-11-01,item_5,6137.2858122933085
2023-12-01,item_5,1870.996422680604
2019-10-01,item_6,2177.2866036963437
2019-11-01,item_6,3910.627010805953
2019-12-01,item_6,2840.723934927861
2020-01-01,item_6,1839.3601289425808
2020-02-01,item_6,896.8678922498199
2020-03-01,item_6,1773.133999511398
2020-04-01,item_6,1416.4315675741727
2020-05-01,item_6,2110.162553093105
2020-06-01,item_6,2005.0452671364649
2020-07-01,item_6,1984.0838999320456
2020-08-01,item_6,2911.831017370938
2020-09-01,item_6,4297.020750872009
2020-10-01,item_6,2684.306088960233
2020-11-01,item_6,2782.006182453645
2020-12-01,item_6,2111.15702571431
2021-01-01,item_6,1775.280612917374
2021-02-01,item_6,1966.3507802261088
2021-03-01,item_6,789.374143161112
2021-04-01,item_6,2223.4149242806984
2021-05-01,item_6,2137.0371219111994
2021-06-01,item_6,3039.3364678710564
2021-07-01,item_6,3129.9565301340112
2021-08-01,item_6,3222.9468298994893
2021-09-01,item_6,2210.2249121946456
2021-10-01,item_6,1547.5442838608078
2021-11-01,item_6,3235.1363530973317
2021-12-01,item_6,1944.778869919331
2022-01-01,item_6,1774.7139269907736
2022-02-01,item_6,1646.6467555588974
2022-03-01,item_6,1757.0839973875288
2022-04-01,item_6,1690.328734081953
2022-05-01,item_6,1956.4053762336505
2022-06-01,item_6,3125.2127091008
2022-07-01,item_6,3259.996627824019
2022-08-01,item_6,3342.386251867224
2022-09-01,item_6,2196.5293197566302
2022-10-01,item_6,2620.0196258410947
2022-11-01,item_6,1539.981243611384
2022-12-01,item_6,2107.13205296073
2023-01-01,item_6,1798.802570230596
2023-02-01,item_6,2229.224675594024
2023-03-01,item_6,1881.671420945276
2023-04-01,item_6,1795.3489996408366
2023-05-01,item_6,2172.0950777229077
2023-06-01,item_6,3049.011458479917
2023-07-01,item_6,2601.9303421574004
2023-08-01,item_6,1543.1424139839044
2023-09-01,item_6,3430.287771158669
2023-10-01,item_6,1810.9911003899629
2023-11-01,item_6,2216.6019653744443
2023-12-01,item_6,1610.1016511934383
2019-10-01,item_7,8907.356610096187
2019-11-01,item_7,6901.649484589275
2019-12-01,item_7,6182.42747843821
2020-01-01,item_7,5005.783151502008
2020-02-01,item_7,3847.276229162135
2020-03-01,item_7,3517.496481996496
2020-04-01,item_7,2972.5867973332565
2020-05-01,item_7,4262.441273018304
2020-06-01,item_7,6720.164722474481
2020-07-01,item_7,9939.210589120345
2020-08-01,item_7,8455.263655612132
2020-09-01,item_7,11628.415617516475
2020-10-01,item_7,8454.578172470905
2020-11-01,item_7,6169.87583979117
2020-12-01,item_7,5715.86004649839
2021-01-01,item_7,5782.398388077815
2021-02-01,item_7,4451.428634031331
2021-03-01,item_7,3182.144353424774
2021-04-01,item_7,4854.559015580237
2021-05-01,item_7,4343.994839341976
2021-06-01,item_7,11598.601715620574
2021-07-01,item_7,9241.487338147495
2021-08-01,item_7,7582.801808927733
2021-09-01,item_7,10201.43037506133
2021-10-01,item_7,7306.433633469981
2021-11-01,item_7,5760.079835695682
2021-12-01,item_7,7472.086091369183
2022-01-01,item_7,5277.810987923862
2022-02-01,item_7,6046.432816198232
2022-03-01,item_7,4799.3967125486015
2022-04-01,item_7,5231.372264221969
2022-05-01,item_7,6548.35850317769
2022-06-01,item_7,9515.67407397359
2022-07-01,item_7,10645.63087885068
2022-08-01,item_7,9095.600696408264
2022-09-01,item_7,11106.368623571778
2022-10-01,item_7,6079.128869042452
2022-11-01,item_7,6102.7104166989575
2022-12-01,item_7,8794.116355446316
2023-01-01,item_7,5739.532397973427
2023-02-01,item_7,5457.375710822355
2023-03-01,item_7,5791.961134530768
2023-04-01,item_7,7352.803903156204
2023-05-01,item_7,7172.268079938535
2023-06-01,item_7,8935.606781194105
2023-07-01,item_7,10821.759509823783
2023-08-01,item_7,7791.784609838829
2023-09-01,item_7,10291.780545513418
2023-10-01,item_7,7142.361931319034
2023-11-01,item_7,4392.414169576629
2023-12-01,item_7,9020.259506422652
2019-10-01,item_8,2970.5963426686594
2019-11-01,item_8,1996.765081076826
2019-12-01,item_8,3907.4136178337953
2020-01-01,item_8,2929.9060262789058
2020-02-01,item_8,4759.755883450331
2020-03-01,item_8,3398.736567020486
2020-04-01,item_8,3259.927454695121
2020-05-01,item_8,4356.974088492812
2020-06-01,item_8,3743.951703098593
2020-07-01,item_8,3621.787578661643
2020-08-01,item_8,2631.4099988079347
2020-09-01,item_8,3015.740437627049
2020-10-01,item_8,2548.705092887428
2020-11-01,item_8,2289.051733387037
2020-12-01,item_8,2908.7854278870423
2021-01-01,item_8,3530.6123988927875
2021-02-01,item_8,2366.660519997711
2021-03-01,item_8,3336.90493217958
2021-04-01,item_8,5060.745990305437
2021-05-01,item_8,3072.866506189182
2021-06-01,item_8,3418.6054342873317
2021-07-01,item_8,5049.246588565228
2021-08-01,item_8,2962.5259467083247
2021-09-01,item_8,3392.80096084395
2021-10-01,item_8,3516.912089596672
2021-11-01,item_8,2605.0733985003285
2021-12-01,item_8,3220.0144623616143
2022-01-01,item_8,3114.236916540347
2022-02-01,item_8,3475.255235188878
2022-03-01,item_8,4133.411245481954
2022-04-01,item_8,3021.190239586941
2022-05-01,item_8,3250.703596382891
2022-06-01,item_8,2664.740969385748
2022-07-01,item_8,3547.3252619524355
2022-08-01,item_8,3496.166278809764
2022-09-01,item_8,3373.7402313302823
2022-10-01,item_8,3460.734251163529
2022-11-01,item_8,2756.737828480452
2022-12-01,item_8,4545.691348305586
2023-01-01,item_8,3147.105736670403
2023-02-01,item_8,3880.6997519772176
2023-03-01,item_8,4034.617261078668
2023-04-01,item_8,3199.876309784745
2023-05-01,item_8,3624.096179943325
2023-06-01,item_8,2148.9444631386973
2023-07-01,item_8,2842.975198606116
2023-08-01,item_8,3403.125846345795
2023-09-01,item_8,2205.859336905078
2023-10-01,item_8,4984.075426709423
2023-11-01,item_8,2244.4101209402875
2023-12-01,item_8,3269.1973036150466
2019-10-01,item_9,2506.500213819922
2019-11-01,item_9,2276.037336471663
2019-12-01,item_9,2105.3774630165717
2020-01-01,item_9,4138.881724241862
2020-02-01,item_9,3492.9545014108544
2020-03-01,item_9,2752.792770316837
2020-04-01,item_9,2980.0217004858305
2020-05-01,item_9,3686.800332728453
2020-06-01,item_9,3052.2389445138424
2020-07-01,item_9,2574.193152547894
2020-08-01,item_9,2444.0035696057807
2020-09-01,item_9,2340.1128265022803
2020-10-01,item_9,1983.3429616687351
2020-11-01,item_9,2406.497674854105
2020-12-01,item_9,2848.247892865304
2021-01-01,item_9,2989.88179510238
2021-02-01,item_9,3388.7462762029595
2021-03-01,item_9,2867.23180660414
2021-04-01,item_9,3190.115065984563
2021-05-01,item_9,2289.7131265597545
2021-06-01,item_9,3385.356339791202
2021-07-01,item_9,1575.6313764358763
2021-08-01,item_9,2709.7813475849607
2021-09-01,item_9,3398.9413217397696
2021-10-01,item_9,2206.4268471245728
2021-11-01,item_9,2124.639940243216
2021-12-01,item_9,3495.672505625389
2022-01-01,item_9,2906.3506235475693
2022-02-01,item_9,2464.166600210895
2022-03-01,item_9,3418.90832588748
2022-04-01,item_9,2753.4496978973925
2022-05-01,item_9,2144.722778334519
2022-06-01,item_9,2699.2796765196363
2022-07-01,item_9,3005.164051010312
2022-08-01,item_9,2136.237886221008
2022-09-01,item_9,2602.7588032974954
2022-10-01,item_9,2426.738073950355
2022-11-01,item_9,2002.0359677796569
2022-12-01,item_9,2407.997147241437
2023-01-01,item_9,2814.043914012404
2023-02-01,item_9,2602.328110391141
2023-03-01,item_9,1947.5568208431712
2023-04-01,item_9,2837.860498142835
2023-05-01,item_9,2021.52287702462
2023-06-01,item_9,3205.264328440991
2023-07-01,item_9,2025.19020197228
2023-08-01,item_9,2501.873622191382
2023-09-01,item_9,2590.1116888057604
2023-10-01,item_9,2454.020193856863
2023-11-01,item_9,2016.062453012227
2023-12-01,item_9,2573.86370377756
2019-10-01,item_10,4553.275876763805
2019-11-01,item_10,5107.682484000459
2019-12-01,item_10,5696.453672102268
2020-01-01,item_10,7526.965764666254
2020-02-01,item_10,5710.487644366995
2020-03-01,item_10,7526.27822329851
2020-04-01,item_10,9138.296542592492
2020-05-01,item_10,6454.895946343331
2020-06-01,item_10,7608.293725815055
2020-07-01,item_10,4983.812532018904
2020-08-01,item_10,6011.796572514843
2020-09-01,item_10,5132.312925527548
2020-10-01,item_10,6089.811976439299
2020-11-01,item_10,5033.716877177963
2020-12-01,item_10,4548.144952678875
2021-01-01,item_10,10918.909178007192
2021-02-01,item_10,5492.274642575343
2021-03-01,item_10,7855.849142498497
2021-04-01,item_10,9333.114887812711
2021-05-01,item_10,6606.465727488568
2021-06-01,item_10,5639.010132563883
2021-07-01,item_10,7810.924809799753
2021-08-01,item_10,2963.3444271477665
2021-09-01,item_10,8255.961769343205
2021-10-01,item_10,5962.912354829721
2021-11-01,item_10,4449.920051231774
2021-12-01,item_10,8373.799923026492
2022-01-01,item_10,8625.167678092428
2022-02-01,item_10,4339.103250477239
2022-03-01,item_10,11170.216549942235
2022-04-01,item_10,7717.98622929996
2022-05-01,item_10,7506.1672484812225
2022-06-01,item_10,4903.850458341228
2022-07-01,item_10,11039.823037290138
2022-08-01,item_10,4046.424875590067
2022-09-01,item_10,4321.417978469216
2022-10-01,item_10,8406.539602964709
2022-11-01,item_10,5115.120641542125
2022-12-01,item_10,8109.379811948998
2023-01-01,item_10,8900.702428416274
2023-02-01,item_10,4105.441628132207
2023-03-01,item_10,9172.320608213997
2023-04-01,item_10,6090.690403990542
2023-05-01,item_10,4886.9998226848265
2023-06-01,item_10,5535.633860612146
2023-07-01,item_10,5922.800391156974
2023-08-01,item_10,4079.937532947497
2023-09-01,item_10,6554.27185454778
2023-10-01,item_10,8183.825163246251
2023-11-01,item_10,6086.643506980494
2023-12-01,item_10,9439.319246557454
2019-10-01,item_11,6935.3711180276505
2019-11-01,item_11,5832.9523942036685
2019-12-01,item_11,7661.174790168653
2020-01-01,item_11,6079.829511571716
2020-02-01,item_11,6114.725900616496
2020-03-01,item_11,6539.353474356357
2020-04-01,item_11,5761.520186583218
2020-05-01,item_11,4420.3174023723695
2020-06-01,item_11,6273.629396584053
2020-07-01,item_11,5196.27350065751
2020-08-01,item_11,4556.243492428315
2020-09-01,item_11,5141.184504593078
2020-10-01,item_11,3689.9643100900366
2020-11-01,item_11,5028.533581931651
2020-12-01,item_11,10152.450956670991
2021-01-01,item_11,6015.850501557402
2021-02-01,item_11,8973.85345602059
2021-03-01,item_11,6542.562342765447
2021-04-01,item_11,6328.893338845422
2021-05-01,item_11,4728.76543074357
2021-06-01,item_11,5416.039849778708
2021-07-01,item_11,6633.984913303746
2021-08-01,item_11,5277.139238680029
2021-09-01,item_11,5013.17349474833
2021-10-01,item_11,3628.8777405773294
2021-11-01,item_11,6688.084253522316
2021-12-01,item_11,7594.923079225147
2022-01-01,item_11,7495.58314160661
2022-02-01,item_11,7446.243797113822
2022-03-01,item_11,6138.64922532771
2022-04-01,item_11,6479.067640294451
2022-05-01,item_11,4876.386955348805
2022-06-01,item_11,7113.15187509159
2022-07-01,item_11,7905.907501905805
2022-08-01,item_11,4799.192286528347
2022-09-01,item_11,7934.50393142643
2022-10-01,item_11,4383.206242885751
2022-11-01,item_11,5292.987641243734
2022-12-01,item_11,9109.736166531164
2023-01-01,item_11,8251.020344611976
2023-02-01,item_11,6675.949467281594
2023-03-01,item_11,5440.648910168243
2023-04-01,item_11,4272.215907285922
2023-05-01,item_11,5819.209001198518
2023-06-01,item_11,6678.028464967886
2023-07-01,item_11,6832.41981489343
2023-08-01,item_11,4971.036584182552
2023-09-01,item_11,6360.181608946385
2023-10-01,item_11,5353.496929692223
2023-11-01,item_11,4873.848214794191
2023-12-01,item_11,7642.288669439637
2019-10-01,item_12,870.2373277460146
2019-11-01,item_12,2281.3543653648467
2019-12-01,item_12,1179.3693038735216
2020-01-01,item_12,2579.4032531469725
2020-02-01,item_12,1297.2049587638126
2020-03-01,item_12,1329.088513928158
2020-04-01,item_12,1970.0672428593575
2020-05-01,item_12,1320.1353304055633
2020-06-01,item_12,1945.9803154866283
2020-07-01,item_12,1242.1984864584413
2020-08-01,item_12,1391.516607790054
2020-09-01,item_12,1387.2867756556125
2020-10-01,item_12,1677.2666518836006
2020-11-01,item_12,1355.2878879926052
2020-12-01,item_12,2448.3777199730816
2021-01-01,item_12,1511.9637946766925
2021-02-01,item_12,1295.9555343797488
2021-03-01,item_12,1284.439328702753
2021-04-01,item_12,1965.1883541238465
2021-05-01,item_12,1946.7193327437944
2021-06-01,item_12,2141.0583646721616
2021-07-01,item_12,1259.8702505806325
2021-08-01,item_12,1738.1323176143687
2021-09-01,item_12,1580.2279191614207
2021-10-01,item_12,1497.3982524783933
2021-11-01,item_12,1608.4060814855457
2021-12-01,item_12,2609.236555045462
2022-01-01,item_12,1504.5858351231484
2022-02-01,item_12,1367.1045803807788
2022-03-01,item_12,1905.1737766747
2022-04-01,item_12,1907.6514855616952
2022-05-01,item_12,1173.7470150808012
2022-06-01,item_12,2462.1407778572866
2022-07-01,item_12,1173.1621298636592
2022-08-01,item_12,1779.254883275468
2022-09-01,item_12,2277.314275827653
2022-10-01,item_12,1409.429616990572
2022-11-01,item_12,904.625738591009
2022-12-01,item_12,3205.504616954948
2023-01-01,item_12,1892.542553725164
2023-02-01,item_12,1168.1995240604667
2023-03-01,item_12,1579.7532554960112
2023-04-01,item_12,1474.1941719482147
2023-05-01,item_12,2101.0937426829364
2023-06-01,item_12,1818.2364645452983
2023-07-01,item_12,1425.3897934000715
2023-08-01,item_12,1991.4667688829372
2023-09-01,item_12,1607.713817609372
2023-10-01,item_12,933.378594957826
2023-11-01,item_12,2197.266380645071
2023-12-01,item_12,2262.851700189852
2019-10-01,item_13,8462.879282953012
2019-11-01,item_13,6483.83578709271
2019-12-01,item_13,3954.9671027959184
2020-01-01,item_13,3460.670144542016
2020-02-01,item_13,3730.882445942741
2020-03-01,item_13,1924.328186180439
2020-04-01,item_13,4009.29680417949
2020-05-01,item_13,3952.6338533515623
2020-06-01,item_13,5271.286137396583
2020-07-01,item_13,7092.378998779527
2020-08-01,item_13,8702.589233224702
2020-09-01,item_13,6469.811392703739
2020-10-01,item_13,9950.708659339418
2020-11-01,item_13,5840.612676210488
2020-12-01,item_13,5822.662004467635
2021-01-01,item_13,4929.464866280648
2021-02-01,item_13,3554.3877356215758
2021-03-01,item_13,5022.322115944149
2021-04-01,item_13,4973.800787893434
2021-05-01,item_13,4041.701757957434
2021-06-01,item_13,5364.357001109587
2021-07-01,item_13,7074.595286782859
2021-08-01,item_13,6623.158313779545
2021-09-01,item_13,4842.30692665536
2021-10-01,item_13,5831.109938977627
2021-11-01,item_13,6722.901379587647
2021-12-01,item_13,4260.612490316696
2022-01-01,item_13,4543.698755399411
2022-02-01,item_13,3285.239455892197
2022-03-01,item_13,5768.833529964304
2022-04-01,item_13,4528.55564135019
2022-05-01,item_13,4398.976548090252
2022-06-01,item_13,4734.266349683309
2022-07-01,item_13,7215.662021638818
2022-08-01,item_13,4431.709144172881
2022-09-01,item_13,5486.574679976906
2022-10-01,item_13,5417.828333428963
2022-11-01,item_13,5434.037127519306
2022-12-01,item_13,4118.974151981856
2023-01-01,item_13,3999.030763449143
2023-02-01,item_13,4199.630457820584
2023-03-01,item_13,2247.608984386453
2023-04-01,item_13,5138.729265402352
2023-05-01,item_13,3572.880107272141
2023-06-01,item_13,4632.726875974926
2023-07-01,item_13,5185.770762353516
2023-08-01,item_13,3115.0709374546022
2023-09-01,item_13,4384.719333467739
2023-10-01,item_13,4343.346545837353
2023-11-01,item_13,4816.724038723904
2023-12-01,item_13,2479.043766736328
2019-10-01,item_14,3297.251177636538
2019-11-01,item_14,2055.357845913189
2019-12-01,item_14,1719.7069112769243
2020-01-01,item_14,1292.604265471558
2020-02-01,item_14,1215.2266150444054
2020-03-01,item_14,916.4019433244698
2020-04-01,item_14,837.1986003712946
2020-05-01,item_14,2186.499203039368
2020-06-01,item_14,2024.262579415732
2020-07-01,item_14,2375.516692467409
2020-08-01,item_14,2932.3316877595707
2020-09-01,item_14,2720.703386323477
2020-10-01,item_14,3427.241063026945
2020-11-01,item_14,2019.573236493934
2020-12-01,item_14,2059.472314405013
2021-01-01,item_14,1551.566637909021
2021-02-01,item_14,1881.126563265657
2021-03-01,item_14,1550.2773640431556
2021-04-01,item_14,1325.4170864590287
2021-05-01,item_14,1984.338889260304
2021-06-01,item_14,2039.0117046975208
2021-07-01,item_14,2430.8378843353203
2021-08-01,item_14,3177.6857977813565
2021-09-01,item_14,3187.140576225687
2021-10-01,item_14,3168.481056509569
2021-11-01,item_14,1132.7441168168004
2021-12-01,item_14,3121.920510765756
2022-01-01,item_14,1851.094700408868
2022-02-01,item_14,2237.396710493213
2022-03-01,item_14,1651.8539627941757
2022-04-01,item_14,1595.9920919718586
2022-05-01,item_14,2321.414092565531
2022-06-01,item_14,2095.548770171428
2022-07-01,item_14,2637.593055841161
2022-08-01,item_14,2953.0828178857664
2022-09-01,item_14,2860.720623467256
2022-10-01,item_14,3139.5122581317605
2022-11-01,item_14,2237.7501158382083
2022-12-01,item_14,2359.34996060684
2023-01-01,item_14,1725.0026891374032
2023-02-01,item_14,1757.862258090646
2023-03-01,item_14,1603.612834286215
2023-04-01,item_14,1705.5888500399317
2023-05-01,item_14,2657.7803987492507
2023-06-01,item_14,2723.7840443574587
2023-07-01,item_14,2400.8042978852463
2023-08-01,item_14,2580.7831421589585
2023-09-01,item_14,2832.2501945255262
2023-10-01,item_14,3584.863950421697
2023-11-01,item_14,2662.143439336636
2023-12-01,item_14,2595.393580412901
2019-10-01,item_15,4886.015238798936
2019-11-01,item_15,7042.231102017066
2019-12-01,item_15,7321.684141836811
2020-01-01,item_15,9871.647809749353
2020-02-01,item_15,14902.635413602962
2020-03-01,item_15,11996.176677410482
2020-04-01,item_15,13331.11843533911
2020-05-01,item_15,12366.19669569242
2020-06-01,item_15,7853.930213736247
2020-07-01,item_15,7286.258889438805
2020-08-01,item_15,5845.08660878146
2020-09-01,item_15,5013.568638982144
2020-10-01,item_15,4233.868030149295
2020-11-01,item_15,6706.517572700012
2020-12-01,item_15,9941.309620612592
2021-01-01,item_15,11218.805094574303
2021-02-01,item_15,11263.406024808108
2021-03-01,item_15,10446.65613412813
2021-04-01,item_15,8682.131344513244
2021-05-01,item_15,9129.90905227809
2021-06-01,item_15,7947.063106338583
2021-07-01,item_15,6888.2388967913785
2021-08-01,item_15,5867.6223621463705
2021-09-01,item_15,3957.106019626312
2021-10-01,item_15,6133.367429115534
2021-11-01,item_15,7390.912516452045
2021-12-01,item_15,11555.94314390978
2022-01-01,item_15,13426.216455834006
2022-02-01,item_15,12660.034487313103
2022-03-01,item_15,10176.468049778608
2022-04-01,item_15,8586.67632085189
2022-05-01,item_15,10140.807129034174
2022-06-01,item_15,6348.525451549697
2022-07-01,item_15,10346.276190714989
2022-08-01,item_15,7725.412389015164
2022-09-01,item_15,5576.211079590564
2022-10-01,item_15,6557.41517771098
2022-11-01,item_15,9151.377317209062
2022-12-01,item_15,12170.695796843986
2023-01-01,item_15,12661.49105763139
2023-02-01,item_15,12313.149973794232
2023-03-01,item_15,10238.877512235757
2023-04-01,item_15,9642.233484990156
2023-05-01,item_15,11737.880027805457
2023-06-01,item_15,8964.236846099604
2023-07-01,item_15,5602.630514215523
2023-08-01,item_15,8586.238415314067
2023-09-01,item_15,7245.294166326491
2023-10-01,item_15,7413.869837797859
2023-11-01,item_15,11143.840898893804
2023-12-01,item_15,12066.016374945126
2019-10-01,item_16,5015.832491631548
2019-11-01,item_16,7059.679111863712
2019-12-01,item_16,5316.194853227122
2020-01-01,item_16,12438.75436039285
2020-02-01,item_16,9779.044265980674
2020-03-01,item_16,13284.176498047937
2020-04-01,item_16,11752.11269567854
2020-05-01,item_16,12270.569009312245
2020-06-01,item_16,11981.036952327904
2020-07-01,item_16,4332.176220719469
2020-08-01,item_16,6453.46312546262
2020-09-01,item_16,3983.460976176578
2020-10-01,item_16,5445.886829139688
2020-11-01,item_16,8964.04908464092
2020-12-01,item_16,7552.315074325439
2021-01-01,item_16,14426.580853707086
2021-02-01,item_16,10564.017972864123
2021-03-01,item_16,11010.240442766148
2021-04-01,item_16,6500.150717936255
2021-05-01,item_16,15516.735943556903
2021-06-01,item_16,9743.667542285051
2021-07-01,item_16,6720.760332718161
2021-08-01,item_16,4188.080252723748
2021-09-01,item_16,7603.268087545004
2021-10-01,item_16,6363.774943250916
2021-11-01,item_16,9949.897336233467
2021-12-01,item_16,9061.917149653334
2022-01-01,item_16,13147.104775206952
2022-02-01,item_16,7984.008014178695
2022-03-01,item_16,9184.670038545166
2022-04-01,item_16,20600.33049724741
2022-05-01,item_16,9726.629104991263
2022-06-01,item_16,4876.7673311181
2022-07-01,item_16,11791.290994745254
2022-08-01,item_16,6419.9167437002125
2022-09-01,item_16,5827.3440823095325
2022-10-01,item_16,6861.014976253685
2022-11-01,item_16,7515.448518547408
2022-12-01,item_16,11153.092353989074
2023-01-01,item_16,12580.359050301
2023-02-01,item_16,9398.33357227504
2023-03-01,item_16,11379.602295429271
2023-04-01,item_16,11083.289502767631
2023-05-01,item_16,8818.161911232664
2023-06-01,item_16,9301.878075275778
2023-07-01,item_16,8325.831383995193
2023-08-01,item_16,6997.735567773906
2023-09-01,item_16,7240.927780592653
2023-10-01,item_16,8544.191380664097
2023-11-01,item_16,11018.52051732092
2023-12-01,item_16,9827.051038690604
2019-10-01,item_17,7509.100039178419
2019-11-01,item_17,6177.682666530314
2019-12-01,item_17,5882.675664373284
2020-01-01,item_17,3224.6108547615463
2020-02-01,item_17,2336.3984157333853
2020-03-01,item_17,2451.6159150203703
2020-04-01,item_17,2669.069769649097
2020-05-01,item_17,4213.0850511809385
2020-06-01,item_17,4401.151838802149
2020-07-01,item_17,6636.700944483108
2020-08-01,item_17,9603.100402402775
2020-09-01,item_17,6499.137732003901
2020-10-01,item_17,9753.7434804062
2020-11-01,item_17,5460.88852801662
2020-12-01,item_17,5101.481888455941
2021-01-01,item_17,3248.927351660144
2021-02-01,item_17,2741.090592588953
2021-03-01,item_17,3381.367344500856
2021-04-01,item_17,3529.107814880176
2021-05-01,item_17,4344.181101314995
2021-06-01,item_17,5674.564175849243
2021-07-01,item_17,5742.393141132634
2021-08-01,item_17,5837.384944096903
2021-09-01,item_17,7069.580269387911
2021-10-01,item_17,3957.519926322371
2021-11-01,item_17,7027.877820964879
2021-12-01,item_17,5016.337182276426
2022-01-01,item_17,3622.4888066428216
2022-02-01,item_17,2589.79324164223
2022-03-01,item_17,4648.962386101613
2022-04-01,item_17,3307.7402365862167
2022-05-01,item_17,3073.7839309411324
2022-06-01,item_17,6012.671525449276
2022-07-01,item_17,5965.074179145726
2022-08-01,item_17,5334.897226572235
2022-09-01,item_17,5787.994628552128
2022-10-01,item_17,6324.080246108658
2022-11-01,item_17,4660.7447115816485
2022-12-01,item_17,4712.544361543277
2023-01-01,item_17,3731.149667743173
2023-02-01,item_17,3871.6164883588
2023-03-01,item_17,5099.5369858305685
2023-04-01,item_17,4466.608195823342
2023-05-01,item_17,4309.396748784878
2023-06-01,item_17,7922.022184002823
2023-07-01,item_17,4960.694017150191
2023-08-01,item_17,3730.714389264073
2023-09-01,item_17,7955.720104233738
2023-10-01,item_17,5571.197105758556
2023-11-01,item_17,5004.750772176792
2023-12-01,item_17,4270.196107565977
2019-10-01,item_18,7307.000554176374
2019-11-01,item_18,7742.045276565164
2019-12-01,item_18,8331.225048263697
2020-01-01,item_18,8841.44634379532
2020-02-01,item_18,7835.038053703292
2020-03-01,item_18,13891.921305654329
2020-04-01,item_18,6493.47547874148
2020-05-01,item_18,15938.602631456137
2020-06-01,item_18,8308.716471336049
2020-07-01,item_18,9585.087927879951
2020-08-01,item_18,7017.440106356169
2020-09-01,item_18,8093.831105498783
2020-10-01,item_18,6004.725829960762
2020-11-01,item_18,8635.699495191504
2020-12-01,item_18,8421.93222557674
2021-01-01,item_18,9295.408702990731
2021-02-01,item_18,9365.831036286538
2021-03-01,item_18,9144.834447250176
2021-04-01,item_18,6329.777250354829
2021-05-01,item_18,8082.128371592068
2021-06-01,item_18,7666.688429295073
2021-07-01,item_18,6098.639681306755
2021-08-01,item_18,6836.424809699816
2021-09-01,item_18,5159.467751586791
2021-10-01,item_18,5754.530102478662
2021-11-01,item_18,7086.229338184495
2021-12-01,item_18,7495.50292901783
2022-01-01,item_18,6641.60680576557
2022-02-01,item_18,7369.242251917027
2022-03-01,item_18,8385.6482725579
2022-04-01,item_18,5895.579352585524
2022-05-01,item_18,7429.896339415004
2022-06-01,item_18,9143.370870263796
2022-07-01,item_18,4453.032825939973
2022-08-01,item_18,5606.804549238689
2022-09-01,item_18,6095.814642308962
2022-10-01,item_18,6864.271786707452
2022-11-01,item_18,6179.932582493795
2022-12-01,item_18,7511.046260351855
2023-01-01,item_18,5395.863495698806
2023-02-01,item_18,6229.717052333771
2023-03-01,item_18,9239.235129387876
2023-04-01,item_18,6076.349445422589
2023-05-01,item_18,7530.788589334437
2023-06-01,item_18,8012.568669114409
2023-07-01,item_18,5321.656218239679
2023-08-01,item_18,6218.597121703509
2023-09-01,item_18,5065.542065588153
2023-10-01,item_18,6698.594580778489
2023-11-01,item_18,5740.292862973101
2023-12-01,item_18,8596.172910762803
2019-10-01,item_19,405.9222884567217
2019-11-01,item_19,776.4579597349638
2019-12-01,item_19,916.9184797071342
2020-01-01,item_19,1081.0073370895234
2020-02-01,item_19,1367.2033483898256
2020-03-01,item_19,1156.5141862902865
2020-04-01,item_19,1227.6974892814894
2020-05-01,item_19,1158.8953601274952
2020-06-01,item_19,734.7877163827577
2020-07-01,item_19,977.0494583044456
2020-08-01,item_19,480.9593761186777
2020-09-01,item_19,461.8410761220041
2020-10-01,item_19,634.2723832844466
2020-11-01,item_19,849.8502907486779
2020-12-01,item_19,1006.100521856108
2021-01-01,item_19,1163.9308252218543
2021-02-01,item_19,1191.5213843140343
2021-03-01,item_19,1283.7617770389936
2021-04-01,item_19,1280.6093256083611
2021-05-01,item_19,924.9277383897838
2021-06-01,item_19,512.5505736818304
2021-07-01,item_19,780.9403733264605
2021-08-01,item_19,276.24286951680045
2021-09-01,item_19,734.3303769349516
2021-10-01,item_19,642.2255286286979
2021-11-01,item_19,819.5449304710814
2021-12-01,item_19,1157.601194503003
2022-01-01,item_19,1330.8352272586842
2022-02-01,item_19,1290.1415921195503
2022-03-01,item_19,1193.039367808669
2022-04-01,item_19,1417.7467812129053
2022-05-01,item_19,804.3204111011333
2022-06-01,item_19,713.466352920465
2022-07-01,item_19,587.059973008721
2022-08-01,item_19,683.454402394344
2022-09-01,item_19,928.9598311590778
2022-10-01,item_19,708.142606053014
2022-11-01,item_19,1352.4325281635904
2022-12-01,item_19,1751.7592946499765
2023-01-01,item_19,1599.575716271601
2023-02-01,item_19,1363.0393883052614
2023-03-01,item_19,1409.1223292241746
2023-04-01,item_19,1306.5524890384645
2023-05-01,item_19,998.4560833983836
2023-06-01,item_19,891.9028149135909
2023-07-01,item_19,670.2035576617765
2023-08-01,item_19,526.3660531031232
2023-09-01,item_19,968.1882396413748
2023-10-01,item_19,992.829349594568
2023-11-01,item_19,1347.856362162958
2023-12-01,item_19,1874.3760521966256
2019-10-01,item_20,3225.826312803366
2019-11-01,item_20,3980.804906234317
2019-12-01,item_20,3734.4456554707367
2020-01-01,item_20,8360.409206416898
2020-02-01,item_20,8357.281436803862
2020-03-01,item_20,8728.832661830458
2020-04-01,item_20,7625.594319536579
2020-05-01,item_20,6889.732443278884
2020-06-01,item_20,5854.307164547518
2020-07-01,item_20,4106.809443844879
2020-08-01,item_20,1389.0745109338225
2020-09-01,item_20,3536.1919886161204
2020-10-01,item_20,3206.596160201181
2020-11-01,item_20,4219.264645889731
2020-12-01,item_20,4121.667601840654
2021-01-01,item_20,6991.188933236684
2021-02-01,item_20,6306.248775587355
2021-03-01,item_20,5878.409100863659
2021-04-01,item_20,8212.419287808561
2021-05-01,item_20,6097.772710300328
2021-06-01,item_20,4552.462378409181
2021-07-01,item_20,3705.651073217312
2021-08-01,item_20,3116.04367404735
2021-09-01,item_20,2629.977424027072
2021-10-01,item_20,3245.371961872027
2021-11-01,item_20,5046.392279531074
2021-12-01,item_20,5494.161499086889
2022-01-01,item_20,5604.766217600065
2022-02-01,item_20,5839.3286600528
2022-03-01,item_20,7858.904066597341
2022-04-01,item_20,5075.849624840217
2022-05-01,item_20,7156.863816901325
2022-06-01,item_20,4537.578406688557
2022-07-01,item_20,4045.834795086952
2022-08-01,item_20,2848.4556836434385
2022-09-01,item_20,3011.9029261238134
2022-10-01,item_20,3561.5855040913366
2022-11-01,item_20,3916.2236252468815
2022-12-01,item_20,5148.191642298725
2023-01-01,item_20,5816.4996187849065
2023-02-01,item_20,6178.080626085415
2023-03-01,item_20,6985.388718947122
2023-04-01,item_20,6175.340719385632
2023-05-01,item_20,6532.104977267559
2023-06-01,item_20,5093.833697458525
2023-07-01,item_20,5174.115099140944
2023-08-01,item_20,3970.702939934598
2023-09-01,item_20,3396.513600317015
2023-10-01,item_20,4587.984826459087
2023-11-01,item_20,5573.761496019535
2023-12-01,item_20,5461.951222655995
2019-10-01,item_21,400.0068764831593
2019-11-01,item_21,638.8594422120939
2019-12-01,item_21,848.2888650808889
2020-01-01,item_21,1044.725032431168
2020-02-01,item_21,885.8720085401106
2020-03-01,item_21,1107.712135014578
2020-04-01,item_21,1236.3906078473794
2020-05-01,item_21,1256.3977340396325
2020-06-01,item_21,974.9644668662636
2020-07-01,item_21,680.71674552947
2020-08-01,item_21,589.0078055414674
2020-09-01,item_21,430.4717733055233
2020-10-01,item_21,434.2292706087196
2020-11-01,item_21,467.1774390172335
2020-12-01,item_21,594.3110645839257
2021-01-01,item_21,1145.3008134013746
2021-02-01,item_21,848.8967175531237
2021-03-01,item_21,835.321458288797
2021-04-01,item_21,779.2863467514519
2021-05-01,item_21,1088.1850054834665
2021-06-01,item_21,885.4047124953811
2021-07-01,item_21,585.1575145294303
2021-08-01,item_21,527.1497572346688
2021-09-01,item_21,438.2929643304929
2021-10-01,item_21,452.559427840866
2021-11-01,item_21,594.9515913505192
2021-12-01,item_21,960.8853982269
2022-01-01,item_21,725.5581527498197
2022-02-01,item_21,683.7614700383523
2022-03-01,item_21,709.4314930395466
2022-04-01,item_21,730.5187958991461
2022-05-01,item_21,759.9168562984322
2022-06-01,item_21,623.7329471520159
2022-07-01,item_21,579.7935588858702
2022-08-01,item_21,537.7299074324135
2022-09-01,item_21,421.2509957621742
2022-10-01,item_21,495.57172459586735
2022-11-01,item_21,787.4298327469896
2022-12-01,item_21,894.6479540372234
2023-01-01,item_21,679.3589911491073
2023-02-01,item_21,601.3164855099164
2023-03-01,item_21,659.3614616502229
2023-04-01,item_21,675.8158783651202
2023-05-01,item_21,1033.0110399672542
2023-06-01,item_21,536.4032705948835
2023-07-01,item_21,583.5726249373116
2023-08-01,item_21,581.2496155831582
2023-09-01,item_21,512.5491580437205
2023-10-01,item_21,276.49907307227056
2023-11-01,item_21,902.0235149708392
2023-12-01,item_21,409.8255144925086
2019-10-01,item_22,6240.034532278621
2019-11-01,item_22,5341.261241354197
2019-12-01,item_22,4364.563868592815
2020-01-01,item_22,5116.557854395148
2020-02-01,item_22,2461.113438830631
2020-03-01,item_22,2148.441735257913
2020-04-01,item_22,3099.0581025802685
2020-05-01,item_22,3724.42243040204
2020-06-01,item_22,2314.908225880088
2020-07-01,item_22,7910.254920268839
2020-08-01,item_22,7800.3168526579775
2020-09-01,item_22,7015.214160352514
2020-10-01,item_22,7460.507453801733
2020-11-01,item_22,6007.999735399877
2020-12-01,item_22,4315.551346282012
2021-01-01,item_22,3791.979014699532
2021-02-01,item_22,3210.9971329930704
2021-03-01,item_22,2940.9113515162167
2021-04-01,item_22,3313.3025485600097
2021-05-01,item_22,5135.40468706441
2021-06-01,item_22,4800.236088894328
2021-07-01,item_22,5429.057521043929
2021-08-01,item_22,5493.550827276479
2021-09-01,item_22,5008.758299759584
2021-10-01,item_22,6595.024855841484
2021-11-01,item_22,4161.997326463132
2021-12-01,item_22,4728.75173932535
2022-01-01,item_22,3861.7923360114623
2022-02-01,item_22,3554.5040306536
2022-03-01,item_22,3496.7262566985787
2022-04-01,item_22,3557.436077893772
2022-05-01,item_22,4928.457943071154
2022-06-01,item_22,6019.001374806722
2022-07-01,item_22,5196.615390527812
2022-08-01,item_22,3798.7009546358736
2022-09-01,item_22,7831.393001003871
2022-10-01,item_22,7176.186454409939
2022-11-01,item_22,5492.610065956101
2022-12-01,item_22,4632.239862814157
2023-01-01,item_22,3698.984842284902
2023-02-01,item_22,3391.049822677721
2023-03-01,item_22,4239.702672189055
2023-04-01,item_22,4052.980388635941
2023-05-01,item_22,5094.592445550737
2023-06-01,item_22,6545.945956663413
2023-07-01,item_22,5727.733806735047
2023-08-01,item_22,6252.189060782993
2023-09-01,item_22,5888.710049544414
2023-10-01,item_22,7720.666371515805
2023-11-01,item_22,4651.222989212929
2023-12-01,item_22,5036.63788281176
2019-10-01,item_23,538.4235674684872
2019-11-01,item_23,745.9773955826431
2019-12-01,item_23,914.4496422123848
2020-01-01,item_23,1679.686397108048
2020-02-01,item_23,1434.7758456998129
2020-03-01,item_23,2013.6015363636584
2020-04-01,item_23,1683.7952442772869
2020-05-01,item_23,1291.6815776991266
2020-06-01,item_23,1032.693694176734
2020-07-01,item_23,888.0339136328778
2020-08-01,item_23,752.29425627762
2020-09-01,item_23,510.7342466801268
2020-10-01,item_23,708.1542608739775
2020-11-01,item_23,783.4772934891749
2020-12-01,item_23,993.3052212473594
2021-01-01,item_23,1668.7445927352016
2021-02-01,item_23,1298.2426352811
2021-03-01,item_23,1865.7034968704088
2021-04-01,item_23,1642.9593858053531
2021-05-01,item_23,589.2215947766388
2021-06-01,item_23,2363.504868347697
2021-07-01,item_23,634.776644083846
2021-08-01,item_23,697.6753995892432
2021-09-01,item_23,623.2530266376637
2021-10-01,item_23,913.3059455247476
2021-11-01,item_23,1042.8558880325186
2021-12-01,item_23,1072.851681844855
2022-01-01,item_23,1820.678872742465
2022-02-01,item_23,1622.8889129622942
2022-03-01,item_23,1637.5931775898846
2022-04-01,item_23,1279.5359124539789
2022-05-01,item_23,1173.6545501790172
2022-06-01,item_23,1534.5022753263909
2022-07-01,item_23,860.242181271889
2022-08-01,item_23,865.9850209417028
2022-09-01,item_23,946.4679680018158
2022-10-01,item_23,929.4753002208816
2022-11-01,item_23,1416.5696591127053
2022-12-01,item_23,1441.2761376436986
2023-01-01,item_23,1792.1245701366413
2023-02-01,item_23,1471.5145832371904
2023-03-01,item_23,1318.72187211263
2023-04-01,item_23,1223.308193636888
2023-05-01,item_23,1542.122035432564
2023-06-01,item_23,1043.7225779479886
2023-07-01,item_23,1472.9108120024507
2023-08-01,item_23,1158.2243740084891
2023-09-01,item_23,1308.528254064718
2023-10-01,item_23,1149.72948725579
2023-11-01,item_23,1527.073134469891
2023-12-01,item_23,1120.9393291800209
2019-10-01,item_24,1166.3306228414942
2019-11-01,item_24,686.5415839138676
2019-12-01,item_24,1582.8644990339374
2020-01-01,item_24,1401.57854021944
2020-02-01,item_24,1605.483814125162
2020-03-01,item_24,1889.0415117873335
2020-04-01,item_24,1716.0652050466365
2020-05-01,item_24,1534.456467520771
2020-06-01,item_24,1815.2790810176489
2020-07-01,item_24,835.8404278173003
2020-08-01,item_24,1942.5315721286047
2020-09-01,item_24,1226.5341744825969
2020-10-01,item_24,891.8054234973969
2020-11-01,item_24,1318.0579508690148
2020-12-01,item_24,1300.756261896411
2021-01-01,item_24,1798.440004761355
2021-02-01,item_24,1235.0700483020262
2021-03-01,item_24,1520.3055865492342
2021-04-01,item_24,1481.7004577714654
2021-05-01,item_24,1009.16964707279
2021-06-01,item_24,1297.1724757785998
2021-07-01,item_24,2128.5469352583077
2021-08-01,item_24,1546.902476148285
2021-09-01,item_24,1110.5667233594454
2021-10-01,item_24,872.9211860347178
2021-11-01,item_24,1148.5763731469317
2021-12-01,item_24,1302.493130703222
2022-01-01,item_24,1160.5384663430043
2022-02-01,item_24,1244.1039409070622
2022-03-01,item_24,1398.6525205259445
2022-04-01,item_24,917.2451342857692
2022-05-01,item_24,1571.2868266734629
2022-06-01,item_24,1504.3667707933555
2022-07-01,item_24,1308.266351625335
2022-08-01,item_24,1400.678323573527
2022-09-01,item_24,1175.2240651318853
2022-10-01,item_24,703.4021641167375
2022-11-01,item_24,1244.5285502710267
2022-12-01,item_24,1300.688405324771
2023-01-01,item_24,1184.5334216829103
2023-02-01,item_24,1084.5871772784033
2023-03-01,item_24,1601.932567292845
2023-04-01,item_24,1211.758462286469
2023-05-01,item_24,1383.539067313919
2023-06-01,item_24,1322.7343754182048
2023-07-01,item_24,1029.6342834859392
2023-08-01,item_24,1355.4492079015108
2023-09-01,item_24,926.1987691441976
2023-10-01,item_24,409.7670795320344
2023-11-01,item_24,1716.2358544607157
2023-12-01,item_24,1260.6718788493408
2019-10-01,item_25,4837.036251225166
2019-11-01,item_25,4455.916358980064
2019-12-01,item_25,9394.92280164088
2020-01-01,item_25,7013.982039503978
2020-02-01,item_25,7036.070147584467
2020-03-01,item_25,4319.249569811243
2020-04-01,item_25,6794.391694449412
2020-05-01,item_25,5549.59330293173
2020-06-01,item_25,6083.730844101427
2020-07-01,item_25,7560.547895850291
2020-08-01,item_25,6453.827290901379
2020-09-01,item_25,6054.640298145146
2020-10-01,item_25,4266.790527029265
2020-11-01,item_25,9142.403107534525
2020-12-01,item_25,9873.622446743098
2021-01-01,item_25,6129.175747506185
2021-02-01,item_25,8577.608572882926
2021-03-01,item_25,8638.678964173134
2021-04-01,item_25,6481.772983671174
2021-05-01,item_25,7920.176932102464
2021-06-01,item_25,6943.347304825085
2021-07-01,item_25,7223.421898957428
2021-08-01,item_25,6554.729303395091
2021-09-01,item_25,6604.090157903447
2021-10-01,item_25,6234.1337468930205
2021-11-01,item_25,7280.80354692651
2021-12-01,item_25,8939.990130127942
2022-01-01,item_25,7088.612603984482
2022-02-01,item_25,7862.357451831635
2022-03-01,item_25,5723.828272872036
2022-04-01,item_25,6134.569761071711
2022-05-01,item_25,4024.738282408119
2022-06-01,item_25,9740.397210356254
2022-07-01,item_25,6819.343776791133
2022-08-01,item_25,4649.655047722639
2022-09-01,item_25,11090.816077766043
2022-10-01,item_25,5696.190127987484
2022-11-01,item_25,7136.800616869557
2022-12-01,item_25,8629.339188844531
2023-01-01,item_25,9330.40794133101
2023-02-01,item_25,6899.164166055619
2023-03-01,item_25,6315.584211074425
2023-04-01,item_25,5280.949004324162
2023-05-01,item_25,7934.7841310221565
2023-06-01,item_25,11154.936806521651
2023-07-01,item_25,7731.485046109178
2023-08-01,item_25,7360.58515083497
2023-09-01,item_25,6610.822326664213
2023-10-01,item_25,6193.024864815481
2023-11-01,item_25,7535.53990302165
2023-12-01,item_25,10675.683854402654
2019-10-01,item_26,1174.9240595386416
2019-11-01,item_26,1051.7551526193909
2019-12-01,item_26,3794.168871383323
2020-01-01,item_26,2582.738669736073
2020-02-01,item_26,4164.743249391591
2020-03-01,item_26,3644.823696476836
2020-04-01,item_26,1922.7046913018933
2020-05-01,item_26,5500.028911488138
2020-06-01,item_26,3491.8555004570694
2020-07-01,item_26,1554.7242704799182
2020-08-01,item_26,854.5390244150716
2020-09-01,item_26,1712.93209357429
2020-10-01,item_26,1082.7806399616868
2020-11-01,item_26,1453.468358853674
2020-12-01,item_26,2179.424856686808
2021-01-01,item_26,1743.1934844944396
2021-02-01,item_26,2071.876108124012
2021-03-01,item_26,2697.9433523988364
2021-04-01,item_26,2018.6724444840213
2021-05-01,item_26,3351.1543111006827
2021-06-01,item_26,1986.8244715936696
2021-07-01,item_26,2153.001814093856
2021-08-01,item_26,851.4395176322072
2021-09-01,item_26,2436.347972547215
2021-10-01,item_26,1072.853634984523
2021-11-01,item_26,1533.0800033616138
2021-12-01,item_26,2782.5746761119394
2022-01-01,item_26,1986.37334011375
2022-02-01,item_26,2163.275842086537
2022-03-01,item_26,2692.621419869762
2022-04-01,item_26,3036.989607046097
2022-05-01,item_26,2372.3744983341658
2022-06-01,item_26,2233.880539586032
2022-07-01,item_26,1688.6900352896898
2022-08-01,item_26,1682.435341585175
2022-09-01,item_26,1754.0097575892544
2022-10-01,item_26,1289.2800231455992
2022-11-01,item_26,1511.224349281002
2022-12-01,item_26,3166.1139585016617
2023-01-01,item_26,1806.6416103171396
2023-02-01,item_26,2419.298879513747
2023-03-01,item_26,2396.0147328070475
2023-04-01,item_26,2858.7686520428665
2023-05-01,item_26,2556.7833589009365
2023-06-01,item_26,1648.0399598144484
2023-07-01,item_26,1723.1919594499382
2023-08-01,item_26,1995.5450291920895
2023-09-01,item_26,1406.8999190359382
2023-10-01,item_26,1673.0760876824816
2023-11-01,item_26,1862.2510988363604
2023-12-01,item_26,3370.2597327684525
2019-10-01,item_27,1880.3120237675676
2019-11-01,item_27,1398.680318729194
2019-12-01,item_27,1317.3346470377965
2020-01-01,item_27,971.3158900155564
2020-02-01,item_27,518.6691536030744
2020-03-01,item_27,567.395990961459
2020-04-01,item_27,877.7967023607965
2020-05-01,item_27,802.9347957961918
2020-06-01,item_27,1290.0752649561748
2020-07-01,item_27,1420.5843183864547
2020-08-01,item_27,1698.2393810779668
2020-09-01,item_27,2860.583196631835
2020-10-01,item_27,1603.4819257575057
2020-11-01,item_27,1541.7470634662156
2020-12-01,item_27,1281.121569867731
2021-01-01,item_27,550.0723713952635
2021-02-01,item_27,896.4678205371645
2021-03-01,item_27,829.9690189648672
2021-04-01,item_27,1010.2830278736502
2021-05-01,item_27,1063.7637592882118
2021-06-01,item_27,1542.007873917353
2021-07-01,item_27,1853.4423950068424
2021-08-01,item_27,1664.985664107384
2021-09-01,item_27,1956.2638638267777
2021-10-01,item_27,1617.7156699199884
2021-11-01,item_27,1562.1981279908207
2021-12-01,item_27,1300.9768243062815
2022-01-01,item_27,1043.7118277424677
2022-02-01,item_27,877.2850772034612
2022-03-01,item_27,1014.4295508957606
2022-04-01,item_27,812.6935609795424
2022-05-01,item_27,1215.3290204181003
2022-06-01,item_27,1516.4869543286486
2022-07-01,item_27,1928.015269697015
2022-08-01,item_27,1615.1771596255214
2022-09-01,item_27,1692.526935287537
2022-10-01,item_27,1736.4773610129823
2022-11-01,item_27,1460.1749550937614
2022-12-01,item_27,1078.1568757545149
2023-01-01,item_27,945.8294859065916
2023-02-01,item_27,791.2255798672313
2023-03-01,item_27,968.6427728850698
2023-04-01,item_27,1084.930847941131
2023-05-01,item_27,1222.5267270469449
2023-06-01,item_27,1475.805306412924
2023-07-01,item_27,1364.413942420687
2023-08-01,item_27,1393.152184818056
2023-09-01,item_27,2094.4384784411664
2023-10-01,item_27,1300.3485376082751
2023-11-01,item_27,1337.8473089589552
2023-12-01,item_27,680.5994683140127
2019-10-01,item_28,2820.7575075771942
2019-11-01,item_28,2810.453354647443
2019-12-01,item_28,4832.971630540266
2020-01-01,item_28,1917.8041905205696
2020-02-01,item_28,2261.633605982516
2020-03-01,item_28,2121.280231302531
2020-04-01,item_28,2980.4226561280866
2020-05-01,item_28,2823.7169706530817
2020-06-01,item_28,1821.5995240231505
2020-07-01,item_28,2460.488871170996
2020-08-01,item_28,2539.797430634236
2020-09-01,item_28,2314.7020459312403
2020-10-01,item_28,2323.3373999477208
2020-11-01,item_28,1580.4364012770318
2020-12-01,item_28,4638.1449362817
2021-01-01,item_28,2584.5545310035664
2021-02-01,item_28,1583.4733491655224
2021-03-01,item_28,3269.825920465326
2021-04-01,item_28,3193.7690351314072
2021-05-01,item_28,3130.9960935049053
2021-06-01,item_28,2625.7154081976046
2021-07-01,item_28,2956.4682527300374
2021-08-01,item_28,2323.8950417782057
2021-09-01,item_28,1980.1619935622289
2021-10-01,item_28,2441.8964276804927
2021-11-01,item_28,2090.397738202376
2021-12-01,item_28,3452.527861142915
2022-01-01,item_28,2532.026674058381
2022-02-01,item_28,2518.433145701601
2022-03-01,item_28,2381.4332959292533
2022-04-01,item_28,2674.5270672619445
2022-05-01,item_28,2902.5715190970805
2022-06-01,item_28,2785.5682271004907
2022-07-01,item_28,1592.5428026000604
2022-08-01,item_28,2112.011490290904
2022-09-01,item_28,1593.6467716535726
2022-10-01,item_28,2107.002153810309
2022-11-01,item_28,2780.4897519643514
2022-12-01,item_28,2721.9506993761847
2023-01-01,item_28,2269.839508917444
2023-02-01,item_28,2432.9687733770274
2023-03-01,item_28,1937.0425192403495
2023-04-01,item_28,3628.683148637831
2023-05-01,item_28,2439.5011569588123
2023-06-01,item_28,2660.018061711856
2023-07-01,item_28,2641.996283576002
2023-08-01,item_28,2031.748083912826
2023-09-01,item_28,1864.2121691664388
2023-10-01,item_28,2350.49598244398
2023-11-01,item_28,2459.6142974130385
2023-12-01,item_28,2762.029452262136
2019-10-01,item_29,4704.766422441635
2019-11-01,item_29,4410.916794268685
2019-12-01,item_29,3728.2567358863816
2020-01-01,item_29,2768.291789206281
2020-02-01,item_29,2258.901323519401
2020-03-01,item_29,2119.648877210171
2020-04-01,item_29,1861.724309248579
2020-05-01,item_29,2898.311420578683
2020-06-01,item_29,4079.7031679472457
2020-07-01,item_29,4661.497368647937
2020-08-01,item_29,6073.402109309761
2020-09-01,item_29,7204.194361693775
2020-10-01,item_29,4672.826556969436
2020-11-01,item_29,4483.680834083051
2020-12-01,item_29,3667.6713019764825
2021-01-01,item_29,3463.6894734272246
2021-02-01,item_29,3018.3847553744627
2021-03-01,item_29,3163.729681645804
2021-04-01,item_29,2271.826497516418
2021-05-01,item_29,4448.449511162096
2021-06-01,item_29,6358.9465013828885
2021-07-01,item_29,4315.803452706015
2021-08-01,item_29,5410.633212907764
2021-09-01,item_29,8601.519788730837
2021-10-01,item_29,4889.941093449076
2021-11-01,item_29,4834.7903176297
2021-12-01,item_29,3971.739928181864
2022-01-01,item_29,3972.770821839558
2022-02-01,item_29,3638.254853330316
2022-03-01,item_29,3245.9136220552623
2022-04-01,item_29,4118.6649520913
2022-05-01,item_29,3877.934126460438
2022-06-01,item_29,5446.019932926794
2022-07-01,item_29,7117.037150133513
2022-08-01,item_29,5146.154545608747
2022-09-01,item_29,8674.818415657446
2022-10-01,item_29,5550.253909407674
2022-11-01,item_29,3381.884207841701
2022-12-01,item_29,3920.2240703125226
2023-01-01,item_29,5694.19973796143
2023-02-01,item_29,4554.597956537747
2023-03-01,item_29,4207.294132711456
2023-04-01,item_29,4108.9679356626775
2023-05-01,item_29,5084.493086384082
2023-06-01,item_29,6197.622219195977
2023-07-01,item_29,6816.075897024412
2023-08-01,item_29,4567.701171469167
2023-09-01,item_29,10374.751578791218
2023-10-01,item_29,5749.262091790947
2023-11-01,item_29,5428.466743756727
2023-12-01,item_29,4755.850953867043
2019-10-01,item_30,2544.0414315535486
2019-11-01,item_30,3549.733732053437
2019-12-01,item_30,3650.4611367276425
2020-01-01,item_30,5604.022168152683
2020-02-01,item_30,8743.72034073564
2020-03-01,item_30,7117.910733701094
2020-04-01,item_30,4084.2447277592505
2020-05-01,item_30,9053.840117335423
2020-06-01,item_30,5328.787798387957
2020-07-01,item_30,4727.908852336383
2020-08-01,item_30,3640.142414974413
2020-09-01,item_30,2983.966998588403
2020-10-01,item_30,1839.0591286368865
2020-11-01,item_30,3707.0567988892194
2020-12-01,item_30,3527.707613961484
2021-01-01,item_30,7153.6113216246695
2021-02-01,item_30,7812.872397394319
2021-03-01,item_30,7350.185577742223
2021-04-01,item_30,6894.562956229354
2021-05-01,item_30,5813.748381905644
2021-06-01,item_30,5238.90707639367
2021-07-01,item_30,4509.639338635633
2021-08-01,item_30,4013.8797700675473
2021-09-01,item_30,3092.1502754204257
2021-10-01,item_30,3776.055392622547
2021-11-01,item_30,3654.577476324513
2021-12-01,item_30,5659.012378469836
2022-01-01,item_30,7918.485343470334
2022-02-01,item_30,7675.050144050584
2022-03-01,item_30,8545.778913268881
2022-04-01,item_30,7347.161303014996
2022-05-01,item_30,7631.612036027693
2022-06-01,item_30,4632.31935455749
2022-07-01,item_30,9590.276081920096
2022-08-01,item_30,4218.16585586106
2022-09-01,item_30,4881.363874303118
2022-10-01,item_30,3512.088081823542
2022-11-01,item_30,5638.3573704920655
2022-12-01,item_30,5953.912265339402
2023-01-01,item_30,7279.37199022764
2023-02-01,item_30,7591.43797931629
2023-03-01,item_30,6554.080580805387
2023-04-01,item_30,9579.961636860353
2023-05-01,item_30,6731.978842477496
2023-06-01,item_30,6767.166762763806
2023-07-01,item_30,4791.560047668769
2023-08-01,item_30,5451.28750473335
2023-09-01,item_30,4171.220304964742
2023-10-01,item_30,3211.943284253461
2023-11-01,item_30,6740.346157345421
2023-12-01,item_30,7473.124386550416
2019-10-01,item_31,3215.869594487732
2019-11-01,item_31,2133.887985103115
2019-12-01,item_31,1910.3095285929612
2020-01-01,item_31,1777.5236277798613
2020-02-01,item_31,1324.694669925433
2020-03-01,item_31,917.490101485094
2020-04-01,item_31,1394.6907170012826
2020-05-01,item_31,919.4205359662512
2020-06-01,item_31,4089.4524836503792
2020-07-01,item_31,2905.079073466823
2020-08-01,item_31,2759.376735519468
2020-09-01,item_31,3231.9713613990275
2020-10-01,item_31,3828.6431430606895
2020-11-01,item_31,1999.075708149823
2020-12-01,item_31,1692.5202596581194
2021-01-01,item_31,2540.5329927263256
2021-02-01,item_31,1484.6760123493802
2021-03-01,item_31,1402.4049061559515
2021-04-01,item_31,1529.1525698863002
2021-05-01,item_31,2270.855749392845
2021-06-01,item_31,2909.597246051269
2021-07-01,item_31,2304.330641694788
2021-08-01,item_31,3369.200937805188
2021-09-01,item_31,3388.925026528764
2021-10-01,item_31,1929.5260394560496
2021-11-01,item_31,2260.189337811745
2021-12-01,item_31,1883.0568037469504
2022-01-01,item_31,834.6110227234808
2022-02-01,item_31,2289.468410027621
2022-03-01,item_31,1502.4890865058794
2022-04-01,item_31,1987.2343628109336
2022-05-01,item_31,1878.864153035648
2022-06-01,item_31,2287.4473284026544
2022-07-01,item_31,2786.9137079790667
2022-08-01,item_31,2229.252851536118
2022-09-01,item_31,2740.984315829124
2022-10-01,item_31,1903.7352619306007
2022-11-01,item_31,2176.579700033343
2022-12-01,item_31,1800.3776587510856
2023-01-01,item_31,1844.698706766992
2023-02-01,item_31,1446.4602500438582
2023-03-01,item_31,2000.9676755381904
2023-04-01,item_31,2475.0410529433148
2023-05-01,item_31,2044.9504131641268
2023-06-01,item_31,2863.640558077416
2023-07-01,item_31,2827.764200846117
2023-08-01,item_31,2357.8926608651013
2023-09-01,item_31,1786.5542838256065
2023-10-01,item_31,1727.6347447312414
2023-11-01,item_31,1978.2718636404063
2023-12-01,item_31,1909.7822136563973
2019-10-01,item_32,6493.988160704681
2019-11-01,item_32,8435.610114300061
2019-12-01,item_32,11541.52463468634
2020-01-01,item_32,5698.181967935993
2020-02-01,item_32,6053.763671641494
2020-03-01,item_32,6700.577777028295
2020-04-01,item_32,6894.857539104251
2020-05-01,item_32,6757.138875117569
2020-06-01,item_32,7381.54607426146
2020-07-01,item_32,6591.468972674448
2020-08-01,item_32,6338.089562936922
2020-09-01,item_32,7145.251382360045
2020-10-01,item_32,7376.23053164679
2020-11-01,item_32,3581.2178942857795
2020-12-01,item_32,14588.80343113567
2021-01-01,item_32,5429.399941977231
2021-02-01,item_32,7836.577484645538
2021-03-01,item_32,6882.540075851504
2021-04-01,item_32,7336.234991807048
2021-05-01,item_32,5448.295496665007
2021-06-01,item_32,4519.80394684128
2021-07-01,item_32,8460.319262965077
2021-08-01,item_32,6650.003440888733
2021-09-01,item_32,5181.242285691532
2021-10-01,item_32,7698.605301124738
2021-11-01,item_32,6742.999056849159
2021-12-01,item_32,13739.737293212922
2022-01-01,item_32,7218.784752540467
2022-02-01,item_32,6714.064897370088
2022-03-01,item_32,6277.659548384205
2022-04-01,item_32,7774.411630383718
2022-05-01,item_32,6506.525662369822
2022-06-01,item_32,6656.808725687661
2022-07-01,item_32,5792.106467780749
2022-08-01,item_32,7621.36997344152
2022-09-01,item_32,7122.179646157615
2022-10-01,item_32,7668.036003526759
2022-11-01,item_32,6307.263251516743
2022-12-01,item_32,13592.25077791628
2023-01-01,item_32,6405.678045982033
2023-02-01,item_32,6390.812700345735
2023-03-01,item_32,6849.496876271923
2023-04-01,item_32,7085.386045980689
2023-05-01,item_32,5928.343422762885
2023-06-01,item_32,5802.703713741748
2023-07-01,item_32,6854.890876131278
2023-08-01,item_32,6599.626756577111
2023-09-01,item_32,7051.915376710179
2023-10-01,item_32,7645.846251405141
2023-11-01,item_32,10356.123517762664
2023-12-01,item_32,12243.616939055864
2019-10-01,item_33,2623.2426252623354
2019-11-01,item_33,3681.16912332912
2019-12-01,item_33,5807.752210599749
2020-01-01,item_33,7943.297269890157
2020-02-01,item_33,7402.925038250553
2020-03-01,item_33,8032.607486859117
2020-04-01,item_33,8787.854513914119
2020-05-01,item_33,6848.759339934909
2020-06-01,item_33,5006.839123386755
2020-07-01,item_33,3963.686390343652
2020-08-01,item_33,2644.145442386119
2020-09-01,item_33,3589.771101069171
2020-10-01,item_33,2582.347894781254
2020-11-01,item_33,4345.475883541491
2020-12-01,item_33,4805.718366357977
2021-01-01,item_33,4954.654506467152
2021-02-01,item_33,6640.897076039387
2021-03-01,item_33,6390.545947693314
2021-04-01,item_33,4827.650663099939
2021-05-01,item_33,6502.480292916091
2021-06-01,item_33,4282.2876703076645
2021-07-01,item_33,3652.465281320158
2021-08-01,item_33,3511.633102608296
2021-09-01,item_33,3418.0852538563386
2021-10-01,item_33,1470.5038739674496
2021-11-01,item_33,7195.659480126782
2021-12-01,item_33,7579.349602583148
2022-01-01,item_33,6128.393112905597
2022-02-01,item_33,6045.6627733229525
2022-03-01,item_33,6540.159899773714
2022-04-01,item_33,3177.8794710938573
2022-05-01,item_33,8981.29762901626
2022-06-01,item_33,4082.232839741743
2022-07-01,item_33,3804.2530168840426
2022-08-01,item_33,3363.9580878288107
2022-09-01,item_33,2844.544890722432
2022-10-01,item_33,5186.185165655545
2022-11-01,item_33,6365.9623094316685
2022-12-01,item_33,8053.334193120041
2023-01-01,item_33,6798.036419951461
2023-02-01,item_33,7334.286747957882
2023-03-01,item_33,6637.364601830893
2023-04-01,item_33,5185.757799679982
2023-05-01,item_33,6482.913433077618
2023-06-01,item_33,4342.4422047872495
2023-07-01,item_33,3970.8893085993504
2023-08-01,item_33,3231.422324974585
2023-09-01,item_33,4045.026730683257
2023-10-01,item_33,4056.6873819252105
2023-11-01,item_33,5806.965528626249
2023-12-01,item_33,6635.125832432881
2019-10-01,item_34,3941.1646223847074
2019-11-01,item_34,3164.7943004658323
2019-12-01,item_34,4429.60466138204
2020-01-01,item_34,8224.344681244655
2020-02-01,item_34,6262.275997948237
2020-03-01,item_34,7847.237574493665
2020-04-01,item_34,4338.925114611095
2020-05-01,item_34,8818.702810675579
2020-06-01,item_34,5139.621690107205
2020-07-01,item_34,3691.9290516052474
2020-08-01,item_34,2635.7195589136536
2020-09-01,item_34,2641.3093830984485
2020-10-01,item_34,2877.304239995368
2020-11-01,item_34,3704.843299216793
2020-12-01,item_34,5683.357883709732
2021-01-01,item_34,6910.635168177584
2021-02-01,item_34,5553.30505713003
2021-03-01,item_34,7640.216547955053
2021-04-01,item_34,5003.429736286978
2021-05-01,item_34,5779.765761339048
2021-06-01,item_34,4661.024056897932
2021-07-01,item_34,4758.389288380458
2021-08-01,item_34,3680.779425411023
2021-09-01,item_34,4586.335332732096
2021-10-01,item_34,3877.0617851004968
2021-11-01,item_34,5620.026034542694
2021-12-01,item_34,6126.119511738953
2022-01-01,item_34,8902.394128396023
2022-02-01,item_34,6260.484378961512
2022-03-01,item_34,6307.106822198915
2022-04-01,item_34,4435.2646663348205
2022-05-01,item_34,5534.121416871547
2022-06-01,item_34,5953.696907282596
2022-07-01,item_34,4569.254788412308
2022-08-01,item_34,2283.15656119147
2022-09-01,item_34,6844.227308841078
2022-10-01,item_34,3803.49762683156
2022-11-01,item_34,5755.413780357675
2022-12-01,item_34,5724.072680695352
2023-01-01,item_34,7438.23832697501
2023-02-01,item_34,7300.101959568664
2023-03-01,item_34,5685.5887251807
2023-04-01,item_34,5941.640937617899
2023-05-01,item_34,5107.086330221467
2023-06-01,item_34,6046.49298046937
2023-07-01,item_34,3912.993899185878
2023-08-01,item_34,5009.657118628982
2023-09-01,item_34,5883.743511169217
2023-10-01,item_34,5385.811997845163
2023-11-01,item_34,4836.357704870458
2023-12-01,item_34,6557.372276155113
2019-10-01,item_35,2050.367083626589
2019-11-01,item_35,3547.992907657704
2019-12-01,item_35,4408.653818652456
2020-01-01,item_35,4685.221914411987
2020-02-01,item_35,4263.219098857775
2020-03-01,item_35,8312.223567652067
2020-04-01,item_35,4780.988270927976
2020-05-01,item_35,5687.342608442917
2020-06-01,item_35,4167.011309734336
2020-07-01,item_35,2792.828149771493
2020-08-01,item_35,1335.648858950026
2020-09-01,item_35,2180.2533479427475
2020-10-01,item_35,2679.1972023816206
2020-11-01,item_35,2707.139403726444
2020-12-01,item_35,2691.292308201991
2021-01-01,item_35,6093.934373641501
2021-02-01,item_35,5565.862845348415
2021-03-01,item_35,7667.133306347707
2021-04-01,item_35,3475.108814538271
2021-05-01,item_35,8089.731024123496
2021-06-01,item_35,3600.410412782164
2021-07-01,item_35,3295.847888440117
2021-08-01,item_35,3342.677800940615
2021-09-01,item_35,3265.3746135548963
2021-10-01,item_35,1967.5786668033008
2021-11-01,item_35,4521.469600478542
2021-12-01,item_35,4685.442526083844
2022-01-01,item_35,8703.407647617258
2022-02-01,item_35,7209.589859344371
2022-03-01,item_35,6743.366221309411
2022-04-01,item_35,6153.768381148842
2022-05-01,item_35,4816.51237752166
2022-06-01,item_35,4925.505724945547
2022-07-01,item_35,2870.0509692742835
2022-08-01,item_35,4133.256053251908
2022-09-01,item_35,3235.60843056477
2022-10-01,item_35,4099.18784756162
2022-11-01,item_35,4265.561537444466
2022-12-01,item_35,3518.9806283341177
2023-01-01,item_35,8262.412735129503
2023-02-01,item_35,6763.594974355041
2023-03-01,item_35,5995.189291307747
2023-04-01,item_35,5384.128161353001
2023-05-01,item_35,5258.819899329227
2023-06-01,item_35,4939.273479024433
2023-07-01,item_35,2610.117115634453
2023-08-01,item_35,2984.0536882872543
2023-09-01,item_35,3865.629988934111
2023-10-01,item_35,4447.176360071559
2023-11-01,item_35,5713.449700796364
2023-12-01,item_35,3174.074603236594
2019-10-01,item_36,5532.915740034708
2019-11-01,item_36,5679.834619041564
2019-12-01,item_36,8352.090493457263
2020-01-01,item_36,12418.731486721812
2020-02-01,item_36,10275.168597596465
2020-03-01,item_36,13969.150361535842
2020-04-01,item_36,12124.913305310356
2020-05-01,item_36,9977.644362741225
2020-06-01,item_36,8794.56326732353
2020-07-01,item_36,8219.078954587883
2020-08-01,item_36,6100.049037203456
2020-09-01,item_36,4977.892798319802
2020-10-01,item_36,2850.9339649135127
2020-11-01,item_36,6646.609819314618
2020-12-01,item_36,8603.557320065334
2021-01-01,item_36,9986.948129748838
2021-02-01,item_36,8423.970547820705
2021-03-01,item_36,13684.497282055134
2021-04-01,item_36,12250.107001455071
2021-05-01,item_36,9347.22990691332
2021-06-01,item_36,6826.840124147933
2021-07-01,item_36,5817.555568953194
2021-08-01,item_36,5642.088723727257
2021-09-01,item_36,4632.375566718205
2021-10-01,item_36,4929.745298773886
2021-11-01,item_36,6935.84652662556
2021-12-01,item_36,9032.927934665964
2022-01-01,item_36,9967.173788937556
2022-02-01,item_36,8534.123327604068
2022-03-01,item_36,15726.70198994699
2022-04-01,item_36,8682.161679883666
2022-05-01,item_36,11516.084704673442
2022-06-01,item_36,5644.388675187898
2022-07-01,item_36,6448.31885545314
2022-08-01,item_36,6538.296934615524
2022-09-01,item_36,5948.095378950387
2022-10-01,item_36,5007.069335326029
2022-11-01,item_36,7858.446520247692
2022-12-01,item_36,9264.701777919958
2023-01-01,item_36,10263.166966472676
2023-02-01,item_36,7594.439394231718
2023-03-01,item_36,11959.692459285445
2023-04-01,item_36,6349.564132323839
2023-05-01,item_36,8128.586927129321
2023-06-01,item_36,7856.922568814476
2023-07-01,item_36,8729.49285574261
2023-08-01,item_36,5699.516225527165
2023-09-01,item_36,5795.148784237619
2023-10-01,item_36,7008.885769568917
2023-11-01,item_36,7384.372308278079
2023-12-01,item_36,9638.826828510635
2019-10-01,item_37,3269.736576909123
2019-11-01,item_37,4608.616370384859
2019-12-01,item_37,6472.039887505191
2020-01-01,item_37,7243.065437501476
2020-02-01,item_37,9043.032845126656
2020-03-01,item_37,11610.543897724972
2020-04-01,item_37,6422.345098987768
2020-05-01,item_37,9693.361576188105
2020-06-01,item_37,6075.508753564594
2020-07-01,item_37,5472.094024094688
2020-08-01,item_37,3332.0306242765896
2020-09-01,item_37,1763.9316060395672
2020-10-01,item_37,4917.421592270939
2020-11-01,item_37,4398.492279830569
2020-12-01,item_37,6874.144725828137
2021-01-01,item_37,8296.302463059801
2021-02-01,item_37,5499.5820890625855
2021-03-01,item_37,9493.877281548272
2021-04-01,item_37,6415.773237372793
2021-05-01,item_37,5674.192887021072
2021-06-01,item_37,8703.045747633047
2021-07-01,item_37,4930.674635804045
2021-08-01,item_37,3448.5749024570428
2021-09-01,item_37,4989.5477204142
2021-10-01,item_37,4651.129918183203
2021-11-01,item_37,6046.759226963961
2021-12-01,item_37,7204.389651238244
2022-01-01,item_37,7163.891554750506
2022-02-01,item_37,8316.635958554945
2022-03-01,item_37,8927.600118970013
2022-04-01,item_37,6156.403693708609
2022-05-01,item_37,7455.274161035431
2022-06-01,item_37,8897.04010617006
2022-07-01,item_37,5143.600797723328
2022-08-01,item_37,2990.3453307271493
2022-09-01,item_37,5720.584414961902
2022-10-01,item_37,5948.633756055016
2022-11-01,item_37,4740.869976519147
2022-12-01,item_37,9593.552733054385
2023-01-01,item_37,7907.322163829669
2023-02-01,item_37,7885.278333154453
2023-03-01,item_37,6690.498600458734
2023-04-01,item_37,5867.231611096488
2023-05-01,item_37,7199.337739013879
2023-06-01,item_37,5906.301027187513
2023-07-01,item_37,4909.4954548440055
2023-08-01,item_37,4486.446833454593
2023-09-01,item_37,4997.164112574624
2023-10-01,item_37,9214.505914243697
2023-11-01,item_37,7488.818526649672
2023-12-01,item_37,8024.168318957083
2019-10-01,item_38,1523.1726967215927
2019-11-01,item_38,1621.3367784116767
2019-12-01,item_38,1894.6861684121395
2020-01-01,item_38,1975.050377039038
2020-02-01,item_38,2057.90922742303
2020-03-01,item_38,2229.593590979622
2020-04-01,item_38,2272.5463147504383
2020-05-01,item_38,1949.898400845181
2020-06-01,item_38,1690.328365117708
2020-07-01,item_38,1610.9786725788788
2020-08-01,item_38,1632.2448403992491
2020-09-01,item_38,1526.98843824542
2020-10-01,item_38,1781.442116940119
2020-11-01,item_38,1290.7903088212313
2020-12-01,item_38,1885.622714026911
2021-01-01,item_38,2118.3583848658823
2021-02-01,item_38,1595.5782857304991
2021-03-01,item_38,1916.8368947938563
2021-04-01,item_38,1855.65055536249
2021-05-01,item_38,2438.2134415445557
2021-06-01,item_38,1173.445248777046
2021-07-01,item_38,2322.9801862926265
2021-08-01,item_38,1735.915805137939
2021-09-01,item_38,1432.8586559753849
2021-10-01,item_38,1508.63399906068
2021-11-01,item_38,1592.9373125542384
2021-12-01,item_38,1542.9002888698888
2022-01-01,item_38,1962.3128807102223
2022-02-01,item_38,1650.522011967725
2022-03-01,item_38,1415.5089646063752
2022-04-01,item_38,1790.71712663214
2022-05-01,item_38,2595.0013654011086
2022-06-01,item_38,1851.3554248249045
2022-07-01,item_38,1496.437716229959
2022-08-01,item_38,1506.8587266698105
2022-09-01,item_38,1323.7661025394618
2022-10-01,item_38,2158.570459707216
2022-11-01,item_38,1484.6652489069047
2022-12-01,item_38,1803.377485267334
2023-01-01,item_38,2592.055172567666
2023-02-01,item_38,1893.023397008788
2023-03-01,item_38,1228.9738810569709
2023-04-01,item_38,2164.7668299493253
2023-05-01,item_38,1863.1418702616756
2023-06-01,item_38,1213.1541717498176
2023-07-01,item_38,1545.4914470228048
2023-08-01,item_38,1369.4995665640024
2023-09-01,item_38,1547.5357587630283
2023-10-01,item_38,1763.1091104768914
2023-11-01,item_38,2205.3815116810288
2023-12-01,item_38,2002.532819539326
2019-10-01,item_39,10810.661070774704
2019-11-01,item_39,10870.79424347061
2019-12-01,item_39,8238.829433665862
2020-01-01,item_39,5053.927508266063
2020-02-01,item_39,5260.166567732919
2020-03-01,item_39,3336.301462563514
2020-04-01,item_39,3934.5456879300823
2020-05-01,item_39,5198.079673153159
2020-06-01,item_39,7795.067507251448
2020-07-01,item_39,11504.1751147101
2020-08-01,item_39,10944.55052947595
2020-09-01,item_39,9639.516801718906
2020-10-01,item_39,10740.03590640087
2020-11-01,item_39,8371.607806746113
2020-12-01,item_39,6973.250456795586
2021-01-01,item_39,5577.608233231713
2021-02-01,item_39,4607.715758395034
2021-03-01,item_39,3849.54120713044
2021-04-01,item_39,4000.400722199676
2021-05-01,item_39,7343.565151812529
2021-06-01,item_39,8523.800666807965
2021-07-01,item_39,8322.275500246327
2021-08-01,item_39,9641.042370030536
2021-09-01,item_39,11722.051684782846
2021-10-01,item_39,8723.558004292485
2021-11-01,item_39,7365.810612645862
2021-12-01,item_39,8284.413702843562
2022-01-01,item_39,6043.409527310821
2022-02-01,item_39,4760.774826978488
2022-03-01,item_39,4986.679846316763
2022-04-01,item_39,5309.238264884766
2022-05-01,item_39,6234.806507500558
2022-06-01,item_39,7896.490454822209
2022-07-01,item_39,11521.68474896516
2022-08-01,item_39,9143.159531783724
2022-09-01,item_39,9691.600837516253
2022-10-01,item_39,9322.683517663889
2022-11-01,item_39,7015.432233861739
2022-12-01,item_39,6714.202517320419
2023-01-01,item_39,6892.2650830503735
2023-02-01,item_39,6682.520294560588
2023-03-01,item_39,6578.232786567997
2023-04-01,item_39,5161.50633928571
2023-05-01,item_39,8780.613986286162
2023-06-01,item_39,7827.643521871842
2023-07-01,item_39,7365.928762519994
2023-08-01,item_39,10239.629327695411
2023-09-01,item_39,8193.574645593124
2023-10-01,item_39,10862.206824891087
2023-11-01,item_39,7284.053397957533
2023-12-01,item_39,6870.820712616927
2019-10-01,item_40,5212.574254625156
2019-11-01,item_40,9079.034666761943
2019-12-01,item_40,8253.913903385112
2020-01-01,item_40,14483.351036072034
2020-02-01,item_40,16486.70982242056
2020-03-01,item_40,11270.808820020122
2020-04-01,item_40,20546.018300978456
2020-05-01,item_40,14596.275303063552
2020-06-01,item_40,8805.587383557304
2020-07-01,item_40,8704.071057965113
2020-08-01,item_40,4845.5677316682
2020-09-01,item_40,3887.978480061781
2020-10-01,item_40,5790.657337085822
2020-11-01,item_40,7131.429092481918
2020-12-01,item_40,12211.511935887862
2021-01-01,item_40,11629.8792380041
2021-02-01,item_40,19394.081795959555
2021-03-01,item_40,14326.186899370388
2021-04-01,item_40,13953.718069395884
2021-05-01,item_40,13961.579441239275
2021-06-01,item_40,9655.608531469456
2021-07-01,item_40,8586.739095759496
2021-08-01,item_40,6211.146520495039
2021-09-01,item_40,7333.141840133613
2021-10-01,item_40,7627.3925469497535
2021-11-01,item_40,9309.51970002729
2021-12-01,item_40,10547.361343981418
2022-01-01,item_40,16324.93533214625
2022-02-01,item_40,15604.427743008357
2022-03-01,item_40,13189.75710471741
2022-04-01,item_40,13721.762393034973
2022-05-01,item_40,13498.93391305236
2022-06-01,item_40,10810.164017319654
2022-07-01,item_40,7412.588246938661
2022-08-01,item_40,8833.353770357739
2022-09-01,item_40,6591.434497218707
2022-10-01,item_40,6578.241009701847
2022-11-01,item_40,11506.627898724404
2022-12-01,item_40,13539.830246059486
2023-01-01,item_40,11825.647939676152
2023-02-01,item_40,10040.798963669757
2023-03-01,item_40,15740.5585127889
2023-04-01,item_40,11133.980210021597
2023-05-01,item_40,11802.69518618017
2023-06-01,item_40,10144.100059575068
2023-07-01,item_40,10007.427611689283
2023-08-01,item_40,8050.395915162921
2023-09-01,item_40,6995.270488691034
2023-10-01,item_40,11456.762976457769
2023-11-01,item_40,8264.553565248762
2023-12-01,item_40,10841.355313032494
2019-10-01,item_41,7246.150972310745
2019-11-01,item_41,7098.187205170558
2019-12-01,item_41,6133.048026330037
2020-01-01,item_41,3048.550139248946
2020-02-01,item_41,3456.845463115729
2020-03-01,item_41,2420.15658038223
2020-04-01,item_41,3315.3083237468177
2020-05-01,item_41,4387.220176649779
2020-06-01,item_41,5065.640428947068
2020-07-01,item_41,6906.893185351893
2020-08-01,item_41,6912.797956918498
2020-09-01,item_41,8520.805536802221
2020-10-01,item_41,4905.458707515477
2020-11-01,item_41,8994.87985085474
2020-12-01,item_41,5459.848985103713
2021-01-01,item_41,4022.3078130124886
2021-02-01,item_41,3477.901171636221
2021-03-01,item_41,3462.6881386426003
2021-04-01,item_41,4515.6074883852925
2021-05-01,item_41,2050.8507656624306
2021-06-01,item_41,8245.60102559898
2021-07-01,item_41,6957.276331855753
2021-08-01,item_41,7487.246510743034
2021-09-01,item_41,6320.551069988491
2021-10-01,item_41,7962.598648527863
2021-11-01,item_41,6116.290904207785
2021-12-01,item_41,5051.949550185225
2022-01-01,item_41,4671.79163132145
2022-02-01,item_41,4522.930576105508
2022-03-01,item_41,3612.887879250318
2022-04-01,item_41,6067.904108798711
2022-05-01,item_41,3848.22829885984
2022-06-01,item_41,7016.928479073343
2022-07-01,item_41,6746.640876112147
2022-08-01,item_41,6118.252691442857
2022-09-01,item_41,6312.395294334793
2022-10-01,item_41,5766.59885475021
2022-11-01,item_41,7094.105243647369
2022-12-01,item_41,6024.444293176771
2023-01-01,item_41,4443.222893279748
2023-02-01,item_41,4862.889515723285
2023-03-01,item_41,4610.415638480188
2023-04-01,item_41,8159.5639215786
2023-05-01,item_41,5521.446214136302
2023-06-01,item_41,7037.3626088333785
2023-07-01,item_41,6727.907074188338
2023-08-01,item_41,5423.534795799808
2023-09-01,item_41,6393.495382117555
2023-10-01,item_41,6092.307856794555
2023-11-01,item_41,9323.456386341652
2023-12-01,item_41,5091.9948023428
2019-10-01,item_42,8700.131155025207
2019-11-01,item_42,9954.405249385396
2019-12-01,item_42,17649.175077134736
2020-01-01,item_42,8700.743180550335
2020-02-01,item_42,5550.569228514429
2020-03-01,item_42,11452.365712644729
2020-04-01,item_42,9060.20566981034
2020-05-01,item_42,8551.763916089647
2020-06-01,item_42,12614.232094810404
2020-07-01,item_42,8828.450081706369
2020-08-01,item_42,5142.405824426502
2020-09-01,item_42,11969.887201550711
2020-10-01,item_42,11923.99043805664
2020-11-01,item_42,9401.199607575363
2020-12-01,item_42,15512.789998135037
2021-01-01,item_42,8450.022965713111
2021-02-01,item_42,8991.789233357047
2021-03-01,item_42,9495.56503207164
2021-04-01,item_42,11270.172250651964
2021-05-01,item_42,5949.309119358964
2021-06-01,item_42,11591.64319782619
2021-07-01,item_42,10589.003483184508
2021-08-01,item_42,9287.995885339187
2021-09-01,item_42,10196.782216719796
2021-10-01,item_42,9805.550532352396
2021-11-01,item_42,8707.6888115718
2021-12-01,item_42,17713.02435127687
2022-01-01,item_42,8785.845364073077
2022-02-01,item_42,9212.842402357875
2022-03-01,item_42,8557.615333838587
2022-04-01,item_42,11515.737176813387
2022-05-01,item_42,12575.82083255315
2022-06-01,item_42,12839.88527017856
2022-07-01,item_42,9411.565432116906
2022-08-01,item_42,12019.748580473724
2022-09-01,item_42,11729.272798689335
2022-10-01,item_42,9008.26140747065
2022-11-01,item_42,11855.60973470141
2022-12-01,item_42,14566.63113339254
2023-01-01,item_42,9339.165250156126
2023-02-01,item_42,9766.92605260732
2023-03-01,item_42,9640.8183697589
2023-04-01,item_42,12220.501844856564
2023-05-01,item_42,7438.699615511176
2023-06-01,item_42,17244.62931973251
2023-07-01,item_42,9124.15807689534
2023-08-01,item_42,10112.98684596265
2023-09-01,item_42,8113.735754375646
2023-10-01,item_42,8719.786459160148
2023-11-01,item_42,9366.494762243105
2023-12-01,item_42,14294.613073343788
2019-10-01,item_43,4424.13933654426
2019-11-01,item_43,3289.64227913515
2019-12-01,item_43,6941.4719605100645
2020-01-01,item_43,3222.674191631742
2020-02-01,item_43,3728.349556243829
2020-03-01,item_43,3953.0839117522814
2020-04-01,item_43,3539.6705844465214
2020-05-01,item_43,4058.506767662008
2020-06-01,item_43,3792.6785440624462
2020-07-01,item_43,4114.422418252976
2020-08-01,item_43,3332.144809869849
2020-09-01,item_43,2809.0181000075454
2020-10-01,item_43,4013.436664222827
2020-11-01,item_43,4141.70298298282
2020-12-01,item_43,6417.109092378583
2021-01-01,item_43,3168.954533477432
2021-02-01,item_43,3080.516633067685
2021-03-01,item_43,3158.410812232601
2021-04-01,item_43,4337.786733854478
2021-05-01,item_43,2053.9773116294336
2021-06-01,item_43,4687.017602673836
2021-07-01,item_43,3408.442222660983
2021-08-01,item_43,2747.6303179765546
2021-09-01,item_43,3032.0685649808065
2021-10-01,item_43,2588.745808753866
2021-11-01,item_43,3622.331177423193
2021-12-01,item_43,5169.860896882303
2022-01-01,item_43,3610.4219101582025
2022-02-01,item_43,3740.364771009919
2022-03-01,item_43,4238.43707269951
2022-04-01,item_43,3484.232211089784
2022-05-01,item_43,3224.6012472376506
2022-06-01,item_43,3274.0547273144
2022-07-01,item_43,3531.618711319795
2022-08-01,item_43,4338.172183187638
2022-09-01,item_43,3893.768250413976
2022-10-01,item_43,4018.9962663595657
2022-11-01,item_43,3922.589434431925
2022-12-01,item_43,4316.611428506178
2023-01-01,item_43,3373.0360585972558
2023-02-01,item_43,4246.413144106525
2023-03-01,item_43,3974.6400967613936
2023-04-01,item_43,2821.191538032044
2023-05-01,item_43,3817.386262157828
2023-06-01,item_43,3524.941664710645
2023-07-01,item_43,2411.8605482729918
2023-08-01,item_43,5274.504696785303
2023-09-01,item_43,2879.600585721273
2023-10-01,item_43,5048.63823032652
2023-11-01,item_43,3808.626035752613
2023-12-01,item_43,5430.374914109769
2019-10-01,item_44,9390.418396310177
2019-11-01,item_44,8406.403214683367
2019-12-01,item_44,5538.695695563357
2020-01-01,item_44,2750.405024716532
2020-02-01,item_44,3859.272364843506
2020-03-01,item_44,3412.310233607746
2020-04-01,item_44,2930.1372050513514
2020-05-01,item_44,4443.065803612727
2020-06-01,item_44,4013.69734911701
2020-07-01,item_44,9203.888622777138
2020-08-01,item_44,9136.698143346315
2020-09-01,item_44,5861.919270509106
2020-10-01,item_44,13860.685647381644
2020-11-01,item_44,7305.706185240588
2020-12-01,item_44,7352.701722529239
2021-01-01,item_44,4191.901540661991
2021-02-01,item_44,4968.668467155691
2021-03-01,item_44,5105.573094058536
2021-04-01,item_44,4525.296176337301
2021-05-01,item_44,5329.825466460183
2021-06-01,item_44,6819.850704104011
2021-07-01,item_44,6875.855291990161
2021-08-01,item_44,8552.21049159667
2021-09-01,item_44,5719.81180356128
2021-10-01,item_44,10947.050230827348
2021-11-01,item_44,7877.372696458216
2021-12-01,item_44,6246.093187100755
2022-01-01,item_44,4243.202988473212
2022-02-01,item_44,5533.966486299356
2022-03-01,item_44,5232.930528849109
2022-04-01,item_44,4723.169545049909
2022-05-01,item_44,5016.508845337001
2022-06-01,item_44,6037.388128221993
2022-07-01,item_44,6278.24642557109
2022-08-01,item_44,6217.683339253834
2022-09-01,item_44,11830.175729328936
2022-10-01,item_44,5602.807337970347
2022-11-01,item_44,6593.65627531302
2022-12-01,item_44,4889.667429361263
2023-01-01,item_44,4408.038212599231
2023-02-01,item_44,5836.11285630399
2023-03-01,item_44,6144.982303967243
2023-04-01,item_44,4893.311781000131
2023-05-01,item_44,6557.928949345721
2023-06-01,item_44,6462.073575196676
2023-07-01,item_44,6115.722265857287
2023-08-01,item_44,8928.03847181504
2023-09-01,item_44,11616.505644334597
2023-10-01,item_44,5984.632938889216
2023-11-01,item_44,8989.146829295463
2023-12-01,item_44,6322.431732657427
2019-10-01,item_45,2983.9139837873854
2019-11-01,item_45,3998.2509167701446
2019-12-01,item_45,4290.344896864853
2020-01-01,item_45,5816.22342611655
2020-02-01,item_45,6357.396456978454
2020-03-01,item_45,6594.684915917719
2020-04-01,item_45,3483.067418431606
2020-05-01,item_45,8678.65440388997
2020-06-01,item_45,4190.593825048121
2020-07-01,item_45,3685.343792396902
2020-08-01,item_45,2280.4290417800357
2020-09-01,item_45,2247.285972349836
2020-10-01,item_45,3380.30344665804
2020-11-01,item_45,4175.265085838167
2020-12-01,item_45,3983.696416410218
2021-01-01,item_45,5480.758514091326
2021-02-01,item_45,5828.485091772569
2021-03-01,item_45,4519.968703961917
2021-04-01,item_45,4792.939602795236
2021-05-01,item_45,5167.2284745173765
2021-06-01,item_45,2582.7897874722826
2021-07-01,item_45,4067.863772957884
2021-08-01,item_45,3086.4206245605624
2021-09-01,item_45,2852.697949350815
2021-10-01,item_45,2918.0421308069217
2021-11-01,item_45,3333.3563386614665
2021-12-01,item_45,2337.8910873986715
2022-01-01,item_45,3378.294512735672
2022-02-01,item_45,4664.979368332149
2022-03-01,item_45,8303.801087416203
2022-04-01,item_45,4654.622261978212
2022-05-01,item_45,4971.344169449827
2022-06-01,item_45,4343.961396022845
2022-07-01,item_45,2053.634370891076
2022-08-01,item_45,4003.749099028753
2022-09-01,item_45,3100.1863314037414
2022-10-01,item_45,2750.602752301056
2022-11-01,item_45,4395.865832059899
2022-12-01,item_45,3958.7772651383857
2023-01-01,item_45,6109.565020373724
2023-02-01,item_45,4462.597987174225
2023-03-01,item_45,3556.92635241226
2023-04-01,item_45,3875.7591432726567
2023-05-01,item_45,3521.1822001915907
2023-06-01,item_45,4073.6569666005134
2023-07-01,item_45,2323.9007504628207
2023-08-01,item_45,4637.671695920864
2023-09-01,item_45,3321.1126384325667
2023-10-01,item_45,3227.0191351860403
2023-11-01,item_45,4404.236736040508
2023-12-01,item_45,4566.286139784752
2019-10-01,item_46,4163.927933103823
2019-11-01,item_46,5056.337213058774
2019-12-01,item_46,7492.799587316426
2020-01-01,item_46,4091.716646438937
2020-02-01,item_46,4351.594785471798
2020-03-01,item_46,3641.8730943067744
2020-04-01,item_46,4475.22838088672
2020-05-01,item_46,4284.151947321843
2020-06-01,item_46,2738.181993340549
2020-07-01,item_46,6626.640209921819
2020-08-01,item_46,4583.632936422984
2020-09-01,item_46,5044.906504466678
2020-10-01,item_46,4054.2929654158143
2020-11-01,item_46,3081.7678634558824
2020-12-01,item_46,10257.84940312137
2021-01-01,item_46,4659.266162075312
2021-02-01,item_46,2155.1761899469243
2021-03-01,item_46,5236.933110737589
2021-04-01,item_46,5190.678789507297
2021-05-01,item_46,4650.421165600665
2021-06-01,item_46,5481.436127767518
2021-07-01,item_46,4562.057322105269
2021-08-01,item_46,4264.5261425420185
2021-09-01,item_46,4688.662725055814
2021-10-01,item_46,4948.36136532661
2021-11-01,item_46,3886.286221129504
2021-12-01,item_46,8070.890971350937
2022-01-01,item_46,4012.230184725461
2022-02-01,item_46,2379.7371606832467
2022-03-01,item_46,2985.659825432971
2022-04-01,item_46,5934.356975524153
2022-05-01,item_46,6421.93601271728
2022-06-01,item_46,4600.344067359525
2022-07-01,item_46,5138.571348551754
2022-08-01,item_46,5666.758010795124
2022-09-01,item_46,4044.58421706562
2022-10-01,item_46,4445.982477537907
2022-11-01,item_46,4581.551314261343
2022-12-01,item_46,6324.724746036135
2023-01-01,item_46,4845.343413508812
2023-02-01,item_46,4373.712210452744
2023-03-01,item_46,3723.661348633737
2023-04-01,item_46,4351.4757874414045
2023-05-01,item_46,4415.910984521488
2023-06-01,item_46,5318.221975326429
2023-07-01,item_46,4031.830481303769
2023-08-01,item_46,5707.711337874699
2023-09-01,item_46,4616.018412343406
2023-10-01,item_46,6333.097813346578
2023-11-01,item_46,3932.7319127508617
2023-12-01,item_46,6860.345658676858
2019-10-01,item_47,4760.13810059646
2019-11-01,item_47,12347.551508885172
2019-12-01,item_47,12951.631348225928
2020-01-01,item_47,9447.229256113924
2020-02-01,item_47,8260.52302357005
2020-03-01,item_47,7067.79200669269
2020-04-01,item_47,6779.190473551501
2020-05-01,item_47,4654.236227275978
2020-06-01,item_47,11049.64719911303
2020-07-01,item_47,8737.879668944199
2020-08-01,item_47,9002.391200647877
2020-09-01,item_47,7165.895466954952
2020-10-01,item_47,9800.40606271116
2020-11-01,item_47,8329.464130439268
2020-12-01,item_47,10035.174480794003
2021-01-01,item_47,10415.421027895523
2021-02-01,item_47,5993.576480115544
2021-03-01,item_47,5946.523474227159
2021-04-01,item_47,6541.133336077454
2021-05-01,item_47,6620.760276591718
2021-06-01,item_47,8178.613121256047
2021-07-01,item_47,8253.934242028361
2021-08-01,item_47,8245.818756803394
2021-09-01,item_47,6839.280840510652
2021-10-01,item_47,8528.672455232632
2021-11-01,item_47,8994.854057543498
2021-12-01,item_47,9479.361970125025
2022-01-01,item_47,6610.838370973502
2022-02-01,item_47,5017.23460046296
2022-03-01,item_47,6368.435006286599
2022-04-01,item_47,7308.827189421457
2022-05-01,item_47,7279.833461813507
2022-06-01,item_47,10360.4580948798
2022-07-01,item_47,5962.604359844006
2022-08-01,item_47,8871.287943751073
2022-09-01,item_47,4151.62639383392
2022-10-01,item_47,9343.218033956766
2022-11-01,item_47,9312.45483108729
2022-12-01,item_47,10956.26382241034
2023-01-01,item_47,7299.264935233442
2023-02-01,item_47,5206.571552391221
2023-03-01,item_47,6145.789781055084
2023-04-01,item_47,5058.022863276556
2023-05-01,item_47,7859.03921718728
2023-06-01,item_47,8764.30048867852
2023-07-01,item_47,7230.632162518083
2023-08-01,item_47,7295.17134418512
2023-09-01,item_47,6129.26492946782
2023-10-01,item_47,7619.539983653067
2023-11-01,item_47,7694.498092189081
2023-12-01,item_47,9245.025471071382
2019-10-01,item_48,8277.328074082649
2019-11-01,item_48,5992.041541755747
2019-12-01,item_48,5800.862391598634
2020-01-01,item_48,4037.561030711836
2020-02-01,item_48,2405.8086291653376
2020-03-01,item_48,2427.721225853597
2020-04-01,item_48,3023.277833513213
2020-05-01,item_48,4030.082534539256
2020-06-01,item_48,3103.546058928099
2020-07-01,item_48,9719.976512877873
2020-08-01,item_48,7459.200675256645
2020-09-01,item_48,8191.1039713975215
2020-10-01,item_48,7607.643393273264
2020-11-01,item_48,7038.780952540824
2020-12-01,item_48,6437.302561092315
2021-01-01,item_48,4566.1587997076185
2021-02-01,item_48,4382.974427270214
2021-03-01,item_48,3300.991532992214
2021-04-01,item_48,3996.5596582072735
2021-05-01,item_48,5313.11116238514
2021-06-01,item_48,6899.767186900916
2021-07-01,item_48,9404.497918754383
2021-08-01,item_48,8073.494829581953
2021-09-01,item_48,7754.40746585563
2021-10-01,item_48,9169.397415052828
2021-11-01,item_48,7297.902486078248
2021-12-01,item_48,5421.36884433718
2022-01-01,item_48,6806.835335759555
2022-02-01,item_48,4410.371013043661
2022-03-01,item_48,4168.375933466493
2022-04-01,item_48,5495.708249539551
2022-05-01,item_48,6248.93492400021
2022-06-01,item_48,5180.706510070424
2022-07-01,item_48,7771.445272071348
2022-08-01,item_48,8839.67926692774
2022-09-01,item_48,7667.024993643102
2022-10-01,item_48,7900.531913968532
2022-11-01,item_48,7402.299187594955
2022-12-01,item_48,6921.090058211862
2023-01-01,item_48,6839.035394039054
2023-02-01,item_48,6398.492382046724
2023-03-01,item_48,6185.676637115046
2023-04-01,item_48,6315.599872616641
2023-05-01,item_48,8831.718545160713
2023-06-01,item_48,6551.46343990667
2023-07-01,item_48,7689.897219349036
2023-08-01,item_48,6990.101872609444
2023-09-01,item_48,8313.71416555281
2023-10-01,item_48,5727.038230662222
2023-11-01,item_48,10143.620304299606
2023-12-01,item_48,6734.325508906131
2019-10-01,item_49,7307.857794971546
2019-11-01,item_49,12936.7403065804
2019-12-01,item_49,8099.3634099218525
2020-01-01,item_49,10405.456862141637
2020-02-01,item_49,10038.95981589394
2020-03-01,item_49,8680.621408904082
2020-04-01,item_49,17701.924083071914
2020-05-01,item_49,12919.366614840268
2020-06-01,item_49,13113.801655775624
2020-07-01,item_49,9044.247387434389
2020-08-01,item_49,7516.489932129367
2020-09-01,item_49,8706.724493463174
2020-10-01,item_49,4354.593803233131
2020-11-01,item_49,9585.058646789852
2020-12-01,item_49,7549.82329051448
2021-01-01,item_49,10132.95844827998
2021-02-01,item_49,9794.196024535871
2021-03-01,item_49,15665.347267213248
2021-04-01,item_49,11322.63577076289
2021-05-01,item_49,15294.084987501376
2021-06-01,item_49,12432.889007015416
2021-07-01,item_49,8338.084096511746
2021-08-01,item_49,9504.232531580885
2021-09-01,item_49,10225.049943313174
2021-10-01,item_49,6818.629123848219
2021-11-01,item_49,9747.666588310864
2021-12-01,item_49,9703.797094068685
2022-01-01,item_49,13358.432802236051
2022-02-01,item_49,6428.895108555497
2022-03-01,item_49,14111.252305906655
2022-04-01,item_49,11251.21870198162
2022-05-01,item_49,11363.589695182178
2022-06-01,item_49,13878.789075235323
2022-07-01,item_49,7354.7965118332895
2022-08-01,item_49,8774.862200225678
2022-09-01,item_49,9729.53668144499
2022-10-01,item_49,7329.507855465472
2022-11-01,item_49,10330.44576206987
2022-12-01,item_49,8338.552833968492
2023-01-01,item_49,11835.306686058017
2023-02-01,item_49,8772.777951352566
2023-03-01,item_49,8998.380983068977
2023-04-01,item_49,17273.377531786246
2023-05-01,item_49,9284.092213975411
2023-06-01,item_49,14427.80151697879
2023-07-01,item_49,8046.504358467879
2023-08-01,item_49,9927.76396261944
2023-09-01,item_49,10194.72761636639
2023-10-01,item_49,8081.594821667293
2023-11-01,item_49,8542.325316175547
2023-12-01,item_49,7202.017787134694
